Age1,Income1,Education1,PersonalLoan1,,Age0,Income0,Education0,PersonalLoan0
34,180,3,1,,25,49,1,0
38,130,3,1,,45,34,1,0
46,193,3,1,,39,11,1,0
38,119,2,1,,35,100,2,0
42,141,3,1,,35,45,2,0
32,132,2,1,,37,29,2,0
37,194,3,1,,53,72,2,0
50,190,3,1,,50,22,3,0
56,131,3,1,,35,81,2,0
31,135,2,1,,65,105,3,0
54,133,3,1,,29,45,2,0
55,118,2,1,,48,114,3,0
58,149,2,1,,59,40,2,0
26,132,3,1,,67,112,1,0
29,134,3,1,,60,22,3,0
42,168,2,1,,42,81,1,0
29,148,1,1,,55,21,2,0
46,159,3,1,,56,25,2,0
36,158,3,1,,57,63,3,0
64,172,1,1,,29,62,1,0
65,170,3,1,,44,43,1,0
53,120,2,1,,36,152,1,0
54,170,2,1,,43,29,1,0
65,134,3,1,,40,83,3,0
42,111,3,1,,46,158,1,0
44,172,3,1,,56,48,3,0
41,159,3,1,,59,35,3,0
49,195,1,1,,40,29,2,0
57,165,2,1,,53,41,3,0
40,119,2,1,,30,18,3,0
44,101,2,1,,31,50,3,0
63,101,1,1,,48,81,1,0
59,99,1,1,,59,121,1,0
56,158,1,1,,51,71,3,0
40,173,1,1,,38,80,3,0
26,60,1,1,,57,84,3,0
28,155,2,1,,34,60,1,0
57,174,2,1,,39,45,1,0
65,133,1,1,,46,104,1,0
54,100,3,1,,57,52,1,0
36,179,1,1,,39,43,2,0
28,115,2,1,,56,81,3,0
58,113,2,1,,40,49,1,0
58,122,3,1,,32,8,2,0
29,183,3,1,,61,131,1,0
48,149,2,1,,30,72,1,0
43,83,3,1,,29,44,3,0
64,182,2,1,,41,139,1,0
43,152,2,1,,55,29,2,0
56,173,2,1,,28,93,1,0
36,69,2,1,,31,188,1,0
64,122,1,1,,49,39,2,0
44,131,3,1,,47,125,1,0
53,175,3,1,,42,22,1,0
49,161,2,1,,42,32,2,0
48,152,3,1,,47,105,1,0
28,170,3,1,,59,131,1,0
33,115,2,1,,62,105,1,0
57,165,3,1,,53,45,3,0
47,122,3,1,,47,60,1,0
54,129,3,1,,53,20,1,0
65,185,2,1,,42,115,1,0
65,105,2,1,,53,69,2,0
34,164,3,1,,44,130,1,0
35,109,1,1,,41,85,3,0
45,132,2,1,,28,135,1,0
45,114,2,1,,58,12,3,0
61,152,3,1,,46,29,2,0
64,138,2,1,,50,19,1,0
47,109,1,1,,60,41,1,0
26,172,2,1,,47,40,2,0
54,165,3,1,,41,82,3,0
50,135,3,1,,33,50,2,0
53,192,3,1,,46,18,3,0
56,158,3,1,,27,109,3,0
54,194,3,1,,40,42,2,0
45,202,3,1,,48,78,1,0
55,132,2,1,,65,51,1,0
50,130,2,1,,25,113,3,0
36,150,1,1,,35,29,3,0
63,124,2,1,,43,34,2,0
57,182,3,1,,60,64,3,0
32,120,1,1,,65,121,1,0
50,161,1,1,,38,48,3,0
30,172,2,1,,41,80,1,0
65,195,1,1,,54,161,1,0
65,95,2,1,,49,94,1,0
61,193,3,1,,66,15,3,0
38,129,1,1,,48,74,1,0
59,83,3,1,,61,30,2,0
37,169,3,1,,53,44,3,0
62,135,2,1,,43,22,2,0
43,174,3,1,,56,38,1,0
63,83,1,1,,24,35,2,0
36,142,2,1,,43,69,1,0
41,185,2,1,,42,43,1,0
44,99,3,1,,33,32,3,0
50,192,3,1,,43,49,1,0
27,118,2,1,,41,9,2,0
58,122,2,1,,62,45,2,0
29,110,3,1,,40,82,1,0
56,145,2,1,,58,92,1,0
41,175,3,1,,39,39,3,0
53,145,3,1,,65,81,2,0
47,83,1,1,,54,35,2,0
41,138,2,1,,58,61,3,0
30,125,3,1,,41,73,1,0
44,75,1,1,,32,112,1,0
29,175,3,1,,54,12,3,0
60,191,3,1,,52,38,3,0
50,188,1,1,,58,73,2,0
35,182,2,1,,37,84,2,0
32,104,1,1,,39,78,1,0
30,171,2,1,,60,80,1,0
30,73,1,1,,31,115,1,0
51,134,3,1,,34,82,2,0
32,143,3,1,,38,74,1,0
33,120,3,1,,41,70,3,0
36,181,1,1,,28,81,1,0
41,94,2,1,,31,51,3,0
30,112,2,1,,30,39,2,0
29,103,1,1,,53,98,2,0
28,71,2,1,,58,45,1,0
32,123,2,1,,59,49,2,0
26,190,2,1,,49,128,1,0
63,165,3,1,,59,42,1,0
30,118,2,1,,59,18,3,0
38,169,3,1,,51,31,3,0
33,130,2,1,,35,58,1,0
60,130,3,1,,33,48,3,0
38,113,2,1,,25,54,1,0
56,164,2,1,,49,70,2,0
31,192,2,1,,59,124,1,0
60,145,1,1,,46,84,2,0
26,179,2,1,,50,83,3,0
52,180,2,1,,52,163,1,0
26,171,2,1,,48,42,2,0
39,139,1,1,,46,118,1,0
60,135,3,1,,57,24,1,0
50,179,3,1,,60,22,1,0
47,190,3,1,,54,58,3,0
55,172,2,1,,24,60,1,0
46,183,2,1,,26,15,1,0
63,101,3,1,,41,83,1,0
40,129,3,1,,32,79,3,0
65,184,3,1,,61,41,2,0
65,154,2,1,,61,80,1,0
60,154,2,1,,38,52,1,0
65,160,1,1,,28,70,1,0
35,141,2,1,,53,92,1,0
52,178,3,1,,27,43,1,0
52,91,2,1,,25,21,2,0
30,191,2,1,,33,23,3,0
43,64,3,1,,50,13,1,0
40,155,3,1,,27,112,3,0
59,102,2,1,,27,138,1,0
41,114,1,1,,52,11,1,0
34,65,1,1,,38,171,1,0
29,122,1,1,,58,42,1,0
43,170,1,1,,45,85,2,0
61,184,2,1,,52,44,2,0
57,124,2,1,,29,65,2,0
56,192,3,1,,53,24,1,0
36,138,3,1,,62,11,1,0
55,111,3,1,,51,38,3,0
48,84,2,1,,36,10,2,0
53,154,3,1,,24,135,1,0
61,153,2,1,,52,63,2,0
31,93,2,1,,39,115,3,0
30,193,3,1,,48,45,1,0
58,152,3,1,,64,169,1,0
62,158,3,1,,55,112,1,0
48,182,3,1,,60,93,1,0
33,139,3,1,,51,29,3,0
51,190,2,1,,50,85,2,0
48,173,1,1,,48,21,1,0
37,139,2,1,,53,144,1,0
57,114,1,1,,34,13,1,0
43,125,1,1,,48,165,1,0
33,155,3,1,,55,9,1,0
43,128,1,1,,27,59,1,0
54,119,1,1,,32,29,3,0
44,171,1,1,,35,20,3,0
35,113,3,1,,30,68,2,0
56,98,3,1,,58,65,1,0
44,185,1,1,,56,61,2,0
48,112,2,1,,38,91,2,0
49,194,2,1,,49,31,1,0
56,161,3,1,,34,71,2,0
34,178,3,1,,40,73,1,0
30,179,1,1,,51,20,1,0
63,110,3,1,,44,55,1,0
56,125,1,1,,46,69,1,0
56,111,1,1,,57,155,1,0
42,191,2,1,,54,94,2,0
57,134,1,1,,38,92,1,0
39,118,3,1,,27,125,1,0
34,191,3,1,,39,74,1,0
51,181,3,1,,44,72,3,0
56,103,3,1,,56,61,3,0
44,128,2,1,,32,25,1,0
30,142,1,1,,45,83,2,0
47,170,2,1,,26,104,1,0
49,169,3,1,,55,41,3,0
46,103,3,1,,52,58,3,0
36,113,1,1,,39,93,3,0
45,180,2,1,,24,39,2,0
43,161,2,1,,47,148,1,0
63,134,2,1,,47,53,3,0
63,159,2,1,,48,71,1,0
34,160,3,1,,47,92,2,0
51,188,2,1,,35,61,3,0
47,174,3,1,,46,38,2,0
35,203,3,1,,62,58,1,0
47,178,3,1,,26,80,2,0
50,115,3,1,,38,71,3,0
33,168,2,1,,43,89,3,0
50,83,1,1,,62,83,3,0
61,99,3,1,,57,28,1,0
37,158,2,1,,28,52,2,0
62,183,3,1,,51,70,1,0
34,123,2,1,,48,71,3,0
51,189,2,1,,41,75,3,0
38,180,3,1,,41,78,1,0
28,193,2,1,,35,25,2,0
48,162,2,1,,38,60,3,0
36,183,3,1,,55,99,1,0
35,190,2,1,,26,55,3,0
30,150,2,1,,30,29,2,0
55,131,2,1,,65,53,1,0
38,168,3,1,,47,138,1,0
27,105,2,1,,66,42,3,0
29,172,1,1,,26,99,3,0
48,114,3,1,,66,18,1,0
57,170,2,1,,35,24,1,0
27,170,1,1,,56,55,1,0
52,182,2,1,,51,58,1,0
31,129,3,1,,49,33,3,0
27,130,1,1,,27,74,2,0
43,201,2,1,,45,38,1,0
65,89,1,1,,49,23,3,0
31,184,2,1,,63,61,1,0
36,123,2,1,,47,81,1,0
36,109,3,1,,64,129,1,0
33,184,2,1,,43,33,3,0
46,185,2,1,,60,63,1,0
43,125,2,1,,40,70,2,0
39,138,2,1,,29,45,1,0
61,169,3,1,,41,65,3,0
38,140,1,1,,30,74,1,0
39,108,2,1,,49,50,3,0
37,123,2,1,,30,22,3,0
28,161,3,1,,29,30,3,0
34,164,3,1,,50,21,1,0
40,179,3,1,,39,155,1,0
52,168,3,1,,33,64,3,0
58,178,2,1,,57,65,3,0
51,92,1,1,,34,71,3,0
54,111,2,1,,61,40,2,0
51,104,2,1,,44,69,3,0
32,98,1,1,,40,69,2,0
34,171,2,1,,51,45,2,0
58,90,2,1,,37,62,2,0
31,180,3,1,,42,24,2,0
59,114,2,1,,51,80,1,0
47,149,1,1,,43,8,2,0
46,152,3,1,,30,38,1,0
48,161,3,1,,45,93,3,0
52,161,1,1,,35,55,1,0
52,110,3,1,,60,64,3,0
35,160,3,1,,34,122,1,0
42,111,1,1,,55,70,3,0
45,191,3,1,,43,81,1,0
54,154,2,1,,34,70,1,0
30,131,3,1,,65,150,1,0
63,148,3,1,,45,152,1,0
61,119,2,1,,48,22,1,0
35,131,3,1,,60,22,1,0
46,158,1,1,,55,79,1,0
58,173,3,1,,42,33,3,0
54,195,2,1,,32,128,1,0
33,183,3,1,,62,91,1,0
55,130,1,1,,57,39,1,0
63,185,2,1,,52,121,1,0
59,168,2,1,,36,21,3,0
36,115,2,1,,34,41,1,0
52,154,3,1,,63,45,3,0
37,182,3,1,,24,51,3,0
42,185,2,1,,27,110,3,0
53,183,3,1,,65,20,2,0
45,133,3,1,,60,64,2,0
30,181,2,1,,54,89,2,0
37,190,2,1,,52,80,3,0
36,172,2,1,,58,114,1,0
34,184,1,1,,60,49,2,0
35,188,3,1,,28,191,1,0
49,114,3,1,,54,78,2,0
45,122,2,1,,32,28,1,0
57,113,3,1,,59,42,2,0
27,140,2,1,,63,140,1,0
56,190,1,1,,48,45,2,0
46,102,3,1,,56,122,1,0
44,130,2,1,,36,65,2,0
26,132,3,1,,57,68,3,0
62,195,3,1,,29,153,1,0
44,162,1,1,,39,89,2,0
54,121,3,1,,59,91,1,0
55,153,2,1,,31,55,2,0
42,103,1,1,,43,118,1,0
40,164,2,1,,35,22,3,0
62,148,2,1,,54,63,3,0
62,169,2,1,,51,12,2,0
43,130,3,1,,44,50,2,0
27,158,2,1,,25,43,3,0
34,141,3,1,,39,113,3,0
45,134,2,1,,52,91,2,0
64,168,3,1,,53,55,2,0
26,129,2,1,,44,173,1,0
43,179,1,1,,43,71,3,0
57,131,1,1,,56,24,3,0
34,175,3,1,,38,42,2,0
34,114,3,1,,30,141,1,0
47,124,3,1,,32,32,3,0
27,99,3,1,,35,55,1,0
41,158,2,1,,43,153,1,0
42,173,2,1,,58,113,1,0
65,94,1,1,,25,30,2,0
43,111,3,1,,54,29,3,0
50,179,2,1,,50,35,3,0
52,93,2,1,,32,98,2,0
55,159,3,1,,63,30,3,0
56,140,1,1,,31,58,1,0
42,141,2,1,,36,25,1,0
63,132,2,1,,58,19,1,0
46,105,1,1,,56,44,2,0
60,153,3,1,,49,20,1,0
53,174,2,1,,30,98,1,0
42,164,3,1,,33,90,1,0
27,141,3,1,,45,61,1,0
62,125,3,1,,30,40,2,0
49,115,3,1,,47,38,3,0
45,163,2,1,,25,28,2,0
28,182,2,1,,63,34,3,0
46,135,1,1,,55,73,3,0
35,142,3,1,,44,53,1,0
54,82,2,1,,51,21,3,0
57,135,2,1,,35,40,1,0
46,125,3,1,,30,41,2,0
61,172,1,1,,31,82,2,0
63,149,3,1,,45,155,1,0
54,120,2,1,,45,45,1,0
31,133,3,1,,58,9,3,0
36,154,1,1,,54,48,3,0
30,182,3,1,,53,18,3,0
33,125,3,1,,33,80,1,0
30,95,3,1,,60,64,1,0
45,144,1,1,,50,29,1,0
30,118,3,1,,26,48,2,0
32,169,3,1,,54,23,1,0
53,139,3,1,,28,84,1,0
42,153,1,1,,29,30,2,0
60,165,1,1,,54,93,1,0
29,128,2,1,,55,39,2,0
61,130,3,1,,61,60,2,0
50,99,1,1,,36,133,1,0
35,148,3,1,,45,125,1,0
34,154,2,1,,64,58,3,0
34,141,2,1,,60,89,1,0
49,140,3,1,,49,82,2,0
29,120,2,1,,47,110,1,0
38,129,3,1,,60,54,3,0
50,160,3,1,,45,89,3,0
36,184,2,1,,32,42,1,0
63,131,3,1,,52,41,2,0
28,118,2,1,,35,38,2,0
26,83,2,1,,40,85,1,0
45,142,2,1,,53,83,2,0
59,108,2,1,,27,33,3,0
27,135,3,1,,58,50,1,0
30,115,2,1,,47,58,3,0
35,188,2,1,,46,145,1,0
63,178,3,1,,43,161,1,0
33,131,3,1,,56,38,1,0
32,129,2,1,,28,28,1,0
42,158,2,1,,42,75,1,0
62,142,3,1,,32,35,1,0
42,139,3,1,,62,24,1,0
64,179,3,1,,37,78,2,0
61,188,2,1,,51,113,3,0
29,123,3,1,,39,75,1,0
32,119,3,1,,43,91,1,0
37,123,2,1,,52,31,1,0
43,123,1,1,,30,45,2,0
39,93,3,1,,52,80,1,0
38,182,3,1,,61,50,3,0
59,85,3,1,,36,31,2,0
47,95,2,1,,47,29,1,0
62,93,3,1,,64,59,1,0
61,154,3,1,,52,43,2,0
53,173,1,1,,48,29,1,0
58,191,3,1,,64,91,3,0
51,175,1,1,,58,65,3,0
27,142,1,1,,47,22,1,0
34,180,3,1,,49,71,3,0
60,155,3,1,,31,60,2,0
52,179,3,1,,61,60,3,0
49,138,2,1,,51,69,1,0
53,141,3,1,,28,48,3,0
59,180,2,1,,39,21,2,0
44,123,1,1,,54,53,2,0
51,163,3,1,,50,29,3,0
54,108,2,1,,30,60,2,0
63,135,3,1,,64,42,2,0
48,144,2,1,,29,69,3,0
60,139,1,1,,48,20,1,0
41,143,3,1,,35,200,1,0
42,154,1,1,,60,141,1,0
29,91,3,1,,55,81,1,0
40,89,2,1,,66,35,2,0
60,173,3,1,,25,13,3,0
52,155,2,1,,45,39,1,0
52,158,3,1,,34,21,3,0
52,194,2,1,,48,10,3,0
26,195,3,1,,32,84,2,0
63,191,3,1,,50,30,1,0
49,130,1,1,,43,31,1,0
52,85,3,1,,60,114,1,0
45,128,3,1,,60,53,2,0
44,132,1,1,,64,24,2,0
34,188,3,1,,44,150,1,0
65,170,2,1,,60,132,1,0
64,143,3,1,,54,68,3,0
26,182,2,1,,33,53,1,0
26,184,3,1,,29,30,2,0
40,140,1,1,,25,113,1,0
39,141,1,1,,60,15,2,0
33,145,3,1,,55,84,1,0
64,181,2,1,,39,88,2,0
33,178,1,1,,37,43,1,0
59,145,1,1,,53,43,3,0
57,164,3,1,,34,90,1,0
26,164,3,1,,42,34,1,0
33,104,3,1,,60,38,1,0
44,111,2,1,,50,173,1,0
55,145,3,1,,41,160,1,0
29,182,3,1,,25,44,2,0
48,133,2,1,,50,83,3,0
33,120,3,1,,48,94,3,0
53,115,3,1,,32,43,3,0
52,83,1,1,,50,42,2,0
35,180,3,1,,59,34,1,0
58,151,2,1,,50,39,2,0
54,133,2,1,,44,70,2,0
32,81,2,1,,31,39,3,0
45,102,2,1,,40,44,3,0
27,134,2,1,,51,44,3,0
27,130,2,1,,64,32,3,0
32,142,2,1,,47,15,3,0
65,143,2,1,,52,118,1,0
38,184,1,1,,51,62,2,0
33,188,2,1,,31,82,2,0
48,162,1,1,,39,54,1,0
35,108,3,1,,30,48,3,0
61,141,1,1,,27,74,3,0
32,140,3,1,,41,113,3,0
51,173,2,1,,53,81,2,0
35,101,3,1,,54,43,2,0
36,123,3,1,,28,34,2,0
29,184,3,1,,34,48,3,0
46,115,3,1,,61,54,2,0
49,174,2,1,,48,75,2,0
35,135,2,1,,36,72,1,0
34,165,3,1,,56,39,1,0
50,133,2,1,,24,75,1,0
44,142,3,1,,64,79,1,0
38,129,3,1,,26,205,1,0
43,121,2,1,,33,65,1,0
28,112,2,1,,39,82,2,0
46,122,3,1,,54,21,1,0
29,135,1,1,,32,50,3,0
,,,,,62,39,1,0
,,,,,27,101,1,0
,,,,,53,41,3,0
,,,,,51,132,1,0
,,,,,25,43,2,0
,,,,,31,11,2,0
,,,,,57,21,3,0
,,,,,25,109,3,0
,,,,,30,141,1,0
,,,,,40,81,1,0
,,,,,63,54,1,0
,,,,,35,164,1,0
,,,,,43,28,1,0
,,,,,27,68,3,0
,,,,,44,44,3,0
,,,,,49,61,3,0
,,,,,61,35,2,0
,,,,,60,54,2,0
,,,,,59,14,1,0
,,,,,28,52,1,0
,,,,,52,101,1,0
,,,,,28,149,1,0
,,,,,34,35,1,0
,,,,,60,21,3,0
,,,,,39,118,1,0
,,,,,30,38,2,0
,,,,,49,24,1,0
,,,,,43,59,3,0
,,,,,63,41,3,0
,,,,,28,85,2,0
,,,,,51,12,1,0
,,,,,33,32,3,0
,,,,,55,79,1,0
,,,,,34,28,1,0
,,,,,34,41,1,0
,,,,,40,70,1,0
,,,,,35,53,2,0
,,,,,39,128,1,0
,,,,,55,50,2,0
,,,,,29,80,2,0
,,,,,54,93,2,0
,,,,,25,48,3,0
,,,,,52,149,1,0
,,,,,46,49,2,0
,,,,,57,88,2,0
,,,,,52,22,3,0
,,,,,28,55,1,0
,,,,,44,72,3,0
,,,,,24,38,2,0
,,,,,40,114,1,0
,,,,,34,83,3,0
,,,,,39,101,1,0
,,,,,50,94,1,0
,,,,,41,40,1,0
,,,,,31,128,1,0
,,,,,29,39,3,0
,,,,,30,51,1,0
,,,,,44,79,3,0
,,,,,33,48,2,0
,,,,,50,85,1,0
,,,,,42,41,1,0
,,,,,24,125,1,0
,,,,,56,11,3,0
,,,,,28,103,1,0
,,,,,56,141,1,0
,,,,,58,38,1,0
,,,,,29,135,1,0
,,,,,63,28,2,0
,,,,,28,70,1,0
,,,,,57,41,1,0
,,,,,34,81,2,0
,,,,,27,55,2,0
,,,,,37,24,3,0
,,,,,52,81,2,0
,,,,,49,32,1,0
,,,,,65,129,1,0
,,,,,60,108,1,0
,,,,,37,180,1,0
,,,,,63,139,1,0
,,,,,40,33,3,0
,,,,,46,74,3,0
,,,,,63,42,3,0
,,,,,57,73,3,0
,,,,,41,114,2,0
,,,,,41,92,1,0
,,,,,44,34,3,0
,,,,,33,54,2,0
,,,,,52,64,3,0
,,,,,30,42,3,0
,,,,,45,70,1,0
,,,,,49,51,2,0
,,,,,45,71,1,0
,,,,,32,35,1,0
,,,,,45,40,2,0
,,,,,61,18,3,0
,,,,,57,32,1,0
,,,,,60,35,1,0
,,,,,40,120,1,0
,,,,,53,31,3,0
,,,,,42,35,1,0
,,,,,62,32,3,0
,,,,,43,85,3,0
,,,,,35,139,1,0
,,,,,50,103,1,0
,,,,,45,152,1,0
,,,,,52,33,2,0
,,,,,35,84,2,0
,,,,,58,61,1,0
,,,,,62,64,1,0
,,,,,50,34,2,0
,,,,,25,82,3,0
,,,,,28,58,1,0
,,,,,34,92,1,0
,,,,,49,78,2,0
,,,,,50,13,3,0
,,,,,37,81,3,0
,,,,,38,23,3,0
,,,,,52,35,3,0
,,,,,63,79,2,0
,,,,,39,165,1,0
,,,,,63,52,1,0
,,,,,46,49,2,0
,,,,,54,64,3,0
,,,,,54,61,3,0
,,,,,52,112,1,0
,,,,,63,72,3,0
,,,,,66,18,1,0
,,,,,56,41,2,0
,,,,,23,61,1,0
,,,,,51,23,1,0
,,,,,34,22,3,0
,,,,,49,59,1,0
,,,,,29,33,2,0
,,,,,47,11,3,0
,,,,,46,204,1,0
,,,,,52,61,3,0
,,,,,55,103,2,0
,,,,,61,51,1,0
,,,,,58,12,2,0
,,,,,40,82,2,0
,,,,,43,164,1,0
,,,,,35,48,2,0
,,,,,24,38,2,0
,,,,,48,65,2,0
,,,,,44,71,1,0
,,,,,54,18,1,0
,,,,,59,52,3,0
,,,,,45,48,2,0
,,,,,26,30,3,0
,,,,,40,40,3,0
,,,,,32,112,1,0
,,,,,29,115,1,0
,,,,,51,63,3,0
,,,,,42,85,3,0
,,,,,64,59,3,0
,,,,,44,68,3,0
,,,,,37,84,1,0
,,,,,44,62,3,0
,,,,,41,141,1,0
,,,,,56,129,1,0
,,,,,62,30,2,0
,,,,,58,148,1,0
,,,,,47,25,2,0
,,,,,35,21,1,0
,,,,,29,72,1,0
,,,,,43,59,3,0
,,,,,62,83,2,0
,,,,,41,10,2,0
,,,,,34,84,2,0
,,,,,50,98,2,0
,,,,,47,32,1,0
,,,,,29,31,2,0
,,,,,59,94,1,0
,,,,,56,21,3,0
,,,,,61,110,1,0
,,,,,58,38,3,0
,,,,,49,39,3,0
,,,,,50,61,1,0
,,,,,64,92,1,0
,,,,,39,119,1,0
,,,,,58,53,1,0
,,,,,62,18,2,0
,,,,,58,90,3,0
,,,,,43,140,1,0
,,,,,28,90,1,0
,,,,,26,85,1,0
,,,,,49,80,1,0
,,,,,66,53,1,0
,,,,,33,49,2,0
,,,,,36,80,2,0
,,,,,49,82,2,0
,,,,,52,195,1,0
,,,,,61,22,3,0
,,,,,32,81,1,0
,,,,,61,40,1,0
,,,,,45,154,1,0
,,,,,30,49,2,0
,,,,,62,85,2,0
,,,,,57,21,2,0
,,,,,41,14,1,0
,,,,,58,60,2,0
,,,,,29,138,1,0
,,,,,53,98,3,0
,,,,,64,22,2,0
,,,,,49,49,2,0
,,,,,38,102,1,0
,,,,,56,45,2,0
,,,,,56,82,3,0
,,,,,52,81,2,0
,,,,,64,35,2,0
,,,,,53,59,2,0
,,,,,29,52,2,0
,,,,,48,84,1,0
,,,,,32,85,2,0
,,,,,54,65,1,0
,,,,,37,89,2,0
,,,,,37,81,1,0
,,,,,64,38,3,0
,,,,,43,72,1,0
,,,,,33,78,2,0
,,,,,42,71,1,0
,,,,,41,120,1,0
,,,,,55,39,1,0
,,,,,65,23,2,0
,,,,,55,12,1,0
,,,,,62,92,2,0
,,,,,32,42,1,0
,,,,,44,160,1,0
,,,,,48,98,1,0
,,,,,46,164,1,0
,,,,,45,42,1,0
,,,,,58,10,1,0
,,,,,29,31,2,0
,,,,,55,58,1,0
,,,,,55,65,2,0
,,,,,41,98,3,0
,,,,,24,150,1,0
,,,,,54,44,3,0
,,,,,57,15,3,0
,,,,,30,82,1,0
,,,,,42,61,3,0
,,,,,29,38,2,0
,,,,,29,39,3,0
,,,,,31,173,1,0
,,,,,47,8,1,0
,,,,,36,51,1,0
,,,,,52,62,3,0
,,,,,54,34,2,0
,,,,,53,44,3,0
,,,,,52,162,1,0
,,,,,64,64,1,0
,,,,,54,111,3,0
,,,,,32,41,3,0
,,,,,63,52,3,0
,,,,,36,65,2,0
,,,,,33,45,1,0
,,,,,62,35,2,0
,,,,,49,65,2,0
,,,,,41,38,1,0
,,,,,51,42,2,0
,,,,,56,45,3,0
,,,,,51,145,1,0
,,,,,39,33,3,0
,,,,,61,60,3,0
,,,,,35,45,1,0
,,,,,39,72,1,0
,,,,,37,34,2,0
,,,,,48,23,2,0
,,,,,63,45,3,0
,,,,,35,28,1,0
,,,,,55,81,2,0
,,,,,29,72,2,0
,,,,,61,49,3,0
,,,,,36,31,2,0
,,,,,61,63,3,0
,,,,,58,142,1,0
,,,,,42,74,1,0
,,,,,30,24,2,0
,,,,,45,29,3,0
,,,,,39,79,1,0
,,,,,27,94,1,0
,,,,,57,121,1,0
,,,,,34,54,1,0
,,,,,64,73,1,0
,,,,,47,71,3,0
,,,,,44,29,2,0
,,,,,51,93,1,0
,,,,,40,73,3,0
,,,,,57,19,2,0
,,,,,33,58,1,0
,,,,,46,39,1,0
,,,,,41,23,2,0
,,,,,33,29,3,0
,,,,,27,155,1,0
,,,,,52,90,2,0
,,,,,59,113,1,0
,,,,,62,42,3,0
,,,,,49,30,1,0
,,,,,45,19,2,0
,,,,,57,30,2,0
,,,,,60,28,3,0
,,,,,50,15,2,0
,,,,,54,70,3,0
,,,,,28,10,2,0
,,,,,60,22,3,0
,,,,,44,70,1,0
,,,,,61,61,1,0
,,,,,40,161,1,0
,,,,,54,29,1,0
,,,,,43,35,1,0
,,,,,54,48,2,0
,,,,,32,44,1,0
,,,,,24,88,1,0
,,,,,30,40,3,0
,,,,,61,21,2,0
,,,,,40,58,1,0
,,,,,35,59,2,0
,,,,,33,74,3,0
,,,,,63,84,2,0
,,,,,57,58,1,0
,,,,,44,154,1,0
,,,,,51,185,1,0
,,,,,51,78,1,0
,,,,,38,55,2,0
,,,,,31,30,2,0
,,,,,54,74,2,0
,,,,,41,118,1,0
,,,,,24,82,3,0
,,,,,55,29,3,0
,,,,,38,53,2,0
,,,,,58,43,1,0
,,,,,29,59,1,0
,,,,,43,84,3,0
,,,,,62,21,2,0
,,,,,57,63,1,0
,,,,,30,51,1,0
,,,,,57,24,1,0
,,,,,57,95,1,0
,,,,,43,59,1,0
,,,,,28,51,2,0
,,,,,46,28,1,0
,,,,,29,154,1,0
,,,,,64,15,3,0
,,,,,66,55,3,0
,,,,,23,149,1,0
,,,,,60,79,3,0
,,,,,47,68,3,0
,,,,,35,78,2,0
,,,,,57,34,2,0
,,,,,53,184,1,0
,,,,,44,85,1,0
,,,,,45,200,1,0
,,,,,41,64,3,0
,,,,,51,88,2,0
,,,,,27,42,2,0
,,,,,31,91,1,0
,,,,,32,38,1,0
,,,,,55,28,2,0
,,,,,55,32,3,0
,,,,,42,31,3,0
,,,,,33,22,2,0
,,,,,35,74,1,0
,,,,,55,22,2,0
,,,,,28,43,2,0
,,,,,27,43,3,0
,,,,,51,112,2,0
,,,,,50,9,2,0
,,,,,58,81,3,0
,,,,,46,131,1,0
,,,,,62,19,3,0
,,,,,38,62,2,0
,,,,,62,19,2,0
,,,,,56,8,1,0
,,,,,55,30,2,0
,,,,,30,80,2,0
,,,,,41,22,3,0
,,,,,57,33,2,0
,,,,,36,64,3,0
,,,,,55,60,3,0
,,,,,30,81,3,0
,,,,,40,45,2,0
,,,,,32,112,2,0
,,,,,44,180,1,0
,,,,,51,28,2,0
,,,,,59,14,1,0
,,,,,37,43,1,0
,,,,,56,88,1,0
,,,,,55,78,3,0
,,,,,49,68,2,0
,,,,,46,144,1,0
,,,,,35,30,1,0
,,,,,47,120,1,0
,,,,,39,24,2,0
,,,,,27,78,3,0
,,,,,57,44,3,0
,,,,,55,73,2,0
,,,,,55,90,2,0
,,,,,41,58,3,0
,,,,,57,75,1,0
,,,,,40,50,1,0
,,,,,43,85,3,0
,,,,,63,54,1,0
,,,,,54,24,1,0
,,,,,54,45,2,0
,,,,,52,68,3,0
,,,,,50,48,3,0
,,,,,38,114,3,0
,,,,,58,52,2,0
,,,,,46,142,1,0
,,,,,50,15,3,0
,,,,,46,118,1,0
,,,,,53,101,1,0
,,,,,62,84,1,0
,,,,,63,32,2,0
,,,,,42,64,3,0
,,,,,34,81,1,0
,,,,,40,28,3,0
,,,,,34,93,1,0
,,,,,32,42,2,0
,,,,,28,45,3,0
,,,,,33,49,2,0
,,,,,46,69,1,0
,,,,,52,94,2,0
,,,,,60,18,2,0
,,,,,59,8,1,0
,,,,,57,55,1,0
,,,,,46,85,3,0
,,,,,25,62,1,0
,,,,,53,65,3,0
,,,,,38,138,1,0
,,,,,63,103,1,0
,,,,,50,152,1,0
,,,,,28,25,3,0
,,,,,27,98,1,0
,,,,,52,39,2,0
,,,,,50,40,2,0
,,,,,39,58,1,0
,,,,,60,62,2,0
,,,,,30,69,2,0
,,,,,31,40,3,0
,,,,,39,61,3,0
,,,,,29,30,2,0
,,,,,54,29,2,0
,,,,,35,41,2,0
,,,,,45,109,1,0
,,,,,62,50,1,0
,,,,,28,43,2,0
,,,,,32,108,1,0
,,,,,41,20,3,0
,,,,,61,112,3,0
,,,,,56,25,2,0
,,,,,37,42,2,0
,,,,,60,29,1,0
,,,,,49,84,1,0
,,,,,43,81,3,0
,,,,,53,55,1,0
,,,,,35,40,2,0
,,,,,36,78,3,0
,,,,,56,51,1,0
,,,,,64,50,3,0
,,,,,51,21,1,0
,,,,,49,79,2,0
,,,,,43,84,3,0
,,,,,51,34,2,0
,,,,,55,73,2,0
,,,,,62,90,1,0
,,,,,35,23,3,0
,,,,,33,54,1,0
,,,,,43,49,2,0
,,,,,58,51,2,0
,,,,,63,8,2,0
,,,,,31,62,1,0
,,,,,36,25,3,0
,,,,,30,63,3,0
,,,,,59,24,3,0
,,,,,28,11,2,0
,,,,,59,23,1,0
,,,,,47,33,3,0
,,,,,56,39,1,0
,,,,,25,113,1,0
,,,,,50,195,1,0
,,,,,34,105,3,0
,,,,,36,40,2,0
,,,,,39,61,3,0
,,,,,54,75,3,0
,,,,,33,122,1,0
,,,,,39,75,1,0
,,,,,41,59,3,0
,,,,,40,24,2,0
,,,,,51,39,1,0
,,,,,54,145,1,0
,,,,,47,24,2,0
,,,,,53,20,2,0
,,,,,30,85,2,0
,,,,,28,65,3,0
,,,,,51,11,1,0
,,,,,63,40,3,0
,,,,,38,54,2,0
,,,,,59,95,1,0
,,,,,53,94,2,0
,,,,,31,79,2,0
,,,,,41,48,3,0
,,,,,25,70,1,0
,,,,,27,40,2,0
,,,,,50,44,1,0
,,,,,50,43,3,0
,,,,,43,29,3,0
,,,,,46,114,1,0
,,,,,30,52,2,0
,,,,,42,13,1,0
,,,,,42,95,3,0
,,,,,29,84,3,0
,,,,,38,49,1,0
,,,,,51,181,1,0
,,,,,37,70,1,0
,,,,,47,79,1,0
,,,,,55,61,2,0
,,,,,65,121,1,0
,,,,,58,34,1,0
,,,,,54,183,1,0
,,,,,52,51,3,0
,,,,,28,70,3,0
,,,,,32,39,1,0
,,,,,51,84,2,0
,,,,,43,122,1,0
,,,,,42,145,1,0
,,,,,42,98,1,0
,,,,,41,79,3,0
,,,,,34,38,3,0
,,,,,30,49,2,0
,,,,,32,38,1,0
,,,,,46,91,3,0
,,,,,38,29,1,0
,,,,,37,172,1,0
,,,,,35,58,1,0
,,,,,58,191,1,0
,,,,,57,90,3,0
,,,,,34,55,1,0
,,,,,31,28,2,0
,,,,,39,42,3,0
,,,,,57,9,2,0
,,,,,47,65,2,0
,,,,,30,83,1,0
,,,,,55,38,2,0
,,,,,32,13,1,0
,,,,,44,75,1,0
,,,,,49,91,2,0
,,,,,32,99,3,0
,,,,,31,71,1,0
,,,,,37,111,2,0
,,,,,41,108,1,0
,,,,,56,158,1,0
,,,,,55,81,1,0
,,,,,49,12,3,0
,,,,,63,21,1,0
,,,,,55,55,1,0
,,,,,59,42,3,0
,,,,,41,81,1,0
,,,,,49,13,1,0
,,,,,48,132,1,0
,,,,,41,99,3,0
,,,,,50,23,1,0
,,,,,28,40,2,0
,,,,,38,112,1,0
,,,,,34,138,1,0
,,,,,43,113,1,0
,,,,,37,190,1,0
,,,,,62,38,3,0
,,,,,40,32,3,0
,,,,,35,104,2,0
,,,,,64,43,2,0
,,,,,49,45,2,0
,,,,,24,35,2,0
,,,,,36,42,2,0
,,,,,29,58,2,0
,,,,,33,14,2,0
,,,,,36,98,3,0
,,,,,42,90,2,0
,,,,,25,65,1,0
,,,,,28,19,1,0
,,,,,50,35,2,0
,,,,,34,71,1,0
,,,,,43,31,1,0
,,,,,62,43,2,0
,,,,,61,24,2,0
,,,,,45,58,3,0
,,,,,42,115,1,0
,,,,,39,168,1,0
,,,,,29,128,1,0
,,,,,45,138,1,0
,,,,,58,81,2,0
,,,,,29,41,3,0
,,,,,37,71,1,0
,,,,,48,8,3,0
,,,,,40,42,1,0
,,,,,29,62,1,0
,,,,,36,22,1,0
,,,,,35,38,2,0
,,,,,35,24,2,0
,,,,,62,50,1,0
,,,,,32,94,1,0
,,,,,38,43,2,0
,,,,,50,48,2,0
,,,,,46,52,2,0
,,,,,50,84,1,0
,,,,,61,131,1,0
,,,,,34,44,1,0
,,,,,27,78,1,0
,,,,,61,15,2,0
,,,,,45,38,3,0
,,,,,50,84,3,0
,,,,,44,122,1,0
,,,,,62,98,1,0
,,,,,45,80,2,0
,,,,,41,165,1,0
,,,,,30,121,1,0
,,,,,61,20,2,0
,,,,,45,11,1,0
,,,,,59,45,3,0
,,,,,60,14,1,0
,,,,,39,30,2,0
,,,,,56,45,1,0
,,,,,56,80,1,0
,,,,,27,25,2,0
,,,,,66,144,1,0
,,,,,43,84,3,0
,,,,,53,22,1,0
,,,,,44,33,1,0
,,,,,54,60,3,0
,,,,,31,81,2,0
,,,,,28,63,3,0
,,,,,51,12,3,0
,,,,,52,15,1,0
,,,,,64,39,3,0
,,,,,29,44,2,0
,,,,,34,110,1,0
,,,,,46,41,3,0
,,,,,48,59,3,0
,,,,,52,39,1,0
,,,,,44,35,2,0
,,,,,51,80,2,0
,,,,,47,81,2,0
,,,,,39,31,3,0
,,,,,42,93,3,0
,,,,,57,45,1,0
,,,,,36,40,3,0
,,,,,27,80,3,0
,,,,,31,20,3,0
,,,,,63,41,3,0
,,,,,34,31,1,0
,,,,,52,35,2,0
,,,,,57,40,3,0
,,,,,63,84,3,0
,,,,,26,53,3,0
,,,,,35,85,3,0
,,,,,58,138,1,0
,,,,,32,71,3,0
,,,,,64,113,3,0
,,,,,50,23,2,0
,,,,,34,62,1,0
,,,,,36,14,3,0
,,,,,43,60,3,0
,,,,,28,94,1,0
,,,,,64,83,2,0
,,,,,62,61,1,0
,,,,,27,92,1,0
,,,,,42,20,3,0
,,,,,45,194,1,0
,,,,,36,74,1,0
,,,,,48,84,3,0
,,,,,65,98,2,0
,,,,,39,52,1,0
,,,,,51,55,2,0
,,,,,30,64,1,0
,,,,,65,128,1,0
,,,,,29,50,2,0
,,,,,42,54,2,0
,,,,,63,129,1,0
,,,,,46,82,1,0
,,,,,62,100,2,0
,,,,,58,44,1,0
,,,,,56,81,1,0
,,,,,34,71,1,0
,,,,,42,28,3,0
,,,,,30,80,1,0
,,,,,61,90,2,0
,,,,,38,74,2,0
,,,,,50,14,3,0
,,,,,61,23,2,0
,,,,,41,153,1,0
,,,,,42,38,3,0
,,,,,29,112,2,0
,,,,,51,145,1,0
,,,,,32,28,2,0
,,,,,34,31,3,0
,,,,,26,195,1,0
,,,,,54,50,3,0
,,,,,38,71,3,0
,,,,,62,21,3,0
,,,,,37,35,3,0
,,,,,46,42,1,0
,,,,,52,78,3,0
,,,,,32,73,2,0
,,,,,49,53,3,0
,,,,,28,51,3,0
,,,,,55,40,3,0
,,,,,52,178,1,0
,,,,,32,35,1,0
,,,,,27,123,1,0
,,,,,32,48,2,0
,,,,,52,45,2,0
,,,,,52,15,1,0
,,,,,50,79,1,0
,,,,,32,63,2,0
,,,,,61,30,3,0
,,,,,28,32,2,0
,,,,,34,64,1,0
,,,,,31,84,1,0
,,,,,31,21,2,0
,,,,,62,99,2,0
,,,,,47,35,1,0
,,,,,50,180,1,0
,,,,,36,42,1,0
,,,,,51,42,3,0
,,,,,35,82,1,0
,,,,,42,55,1,0
,,,,,36,79,1,0
,,,,,41,48,3,0
,,,,,49,93,1,0
,,,,,57,23,3,0
,,,,,44,50,1,0
,,,,,60,85,1,0
,,,,,38,35,2,0
,,,,,29,29,2,0
,,,,,59,84,3,0
,,,,,51,20,2,0
,,,,,50,14,3,0
,,,,,35,179,1,0
,,,,,61,48,1,0
,,,,,42,74,1,0
,,,,,55,53,1,0
,,,,,50,83,2,0
,,,,,64,171,1,0
,,,,,54,85,1,0
,,,,,50,38,2,0
,,,,,31,85,1,0
,,,,,32,79,1,0
,,,,,44,69,1,0
,,,,,60,43,3,0
,,,,,60,33,1,0
,,,,,62,42,3,0
,,,,,46,40,3,0
,,,,,57,43,3,0
,,,,,30,20,3,0
,,,,,58,65,1,0
,,,,,59,84,3,0
,,,,,63,45,2,0
,,,,,27,109,1,0
,,,,,54,34,3,0
,,,,,62,162,1,0
,,,,,60,105,1,0
,,,,,38,22,2,0
,,,,,34,82,1,0
,,,,,65,105,2,0
,,,,,55,62,3,0
,,,,,57,82,1,0
,,,,,27,72,1,0
,,,,,35,38,1,0
,,,,,52,25,1,0
,,,,,45,20,3,0
,,,,,29,80,2,0
,,,,,44,84,1,0
,,,,,47,33,1,0
,,,,,62,55,3,0
,,,,,52,33,2,0
,,,,,42,43,3,0
,,,,,65,45,3,0
,,,,,42,141,1,0
,,,,,40,69,1,0
,,,,,32,78,2,0
,,,,,40,84,3,0
,,,,,32,51,1,0
,,,,,58,75,3,0
,,,,,53,20,3,0
,,,,,41,63,1,0
,,,,,60,44,1,0
,,,,,59,100,1,0
,,,,,48,12,1,0
,,,,,59,68,3,0
,,,,,33,48,1,0
,,,,,40,82,1,0
,,,,,42,52,1,0
,,,,,30,39,1,0
,,,,,30,40,1,0
,,,,,42,54,3,0
,,,,,32,32,2,0
,,,,,55,64,3,0
,,,,,29,92,1,0
,,,,,64,40,3,0
,,,,,37,60,3,0
,,,,,31,85,1,0
,,,,,25,21,1,0
,,,,,31,35,3,0
,,,,,32,52,1,0
,,,,,58,128,1,0
,,,,,26,195,1,0
,,,,,51,68,2,0
,,,,,65,55,1,0
,,,,,43,55,1,0
,,,,,46,80,1,0
,,,,,28,123,1,0
,,,,,63,90,2,0
,,,,,59,61,3,0
,,,,,42,41,2,0
,,,,,58,43,3,0
,,,,,39,71,1,0
,,,,,36,25,1,0
,,,,,47,141,1,0
,,,,,29,22,3,0
,,,,,52,145,1,0
,,,,,41,49,3,0
,,,,,63,109,1,0
,,,,,59,80,1,0
,,,,,44,82,2,0
,,,,,54,52,1,0
,,,,,29,85,1,0
,,,,,51,148,1,0
,,,,,63,160,1,0
,,,,,36,39,1,0
,,,,,42,25,3,0
,,,,,51,33,3,0
,,,,,47,38,2,0
,,,,,40,85,3,0
,,,,,54,48,1,0
,,,,,47,15,3,0
,,,,,35,94,1,0
,,,,,28,120,1,0
,,,,,45,60,3,0
,,,,,33,145,1,0
,,,,,62,29,3,0
,,,,,45,78,2,0
,,,,,59,59,2,0
,,,,,58,80,3,0
,,,,,52,180,1,0
,,,,,34,8,2,0
,,,,,65,23,3,0
,,,,,48,79,3,0
,,,,,44,78,3,0
,,,,,61,64,2,0
,,,,,40,64,3,0
,,,,,28,43,3,0
,,,,,67,32,3,0
,,,,,35,179,1,0
,,,,,60,8,1,0
,,,,,58,63,1,0
,,,,,55,40,3,0
,,,,,34,99,2,0
,,,,,28,159,1,0
,,,,,38,39,1,0
,,,,,62,99,2,0
,,,,,30,18,2,0
,,,,,38,38,1,0
,,,,,33,133,1,0
,,,,,58,84,1,0
,,,,,59,60,2,0
,,,,,36,18,3,0
,,,,,45,73,3,0
,,,,,49,125,1,0
,,,,,54,74,1,0
,,,,,30,35,2,0
,,,,,65,113,1,0
,,,,,34,52,2,0
,,,,,51,18,3,0
,,,,,52,25,1,0
,,,,,43,50,3,0
,,,,,35,75,3,0
,,,,,56,92,3,0
,,,,,57,33,2,0
,,,,,58,65,3,0
,,,,,53,44,1,0
,,,,,45,183,1,0
,,,,,44,175,1,0
,,,,,54,28,3,0
,,,,,41,49,2,0
,,,,,52,45,1,0
,,,,,63,22,3,0
,,,,,54,120,1,0
,,,,,33,175,1,0
,,,,,25,101,3,0
,,,,,41,104,3,0
,,,,,43,58,1,0
,,,,,36,80,2,0
,,,,,57,45,3,0
,,,,,34,134,1,0
,,,,,38,58,3,0
,,,,,47,20,1,0
,,,,,39,25,3,0
,,,,,45,55,1,0
,,,,,62,155,1,0
,,,,,59,30,1,0
,,,,,61,39,1,0
,,,,,36,73,3,0
,,,,,58,41,1,0
,,,,,55,34,3,0
,,,,,29,21,3,0
,,,,,34,11,1,0
,,,,,61,154,1,0
,,,,,50,19,3,0
,,,,,52,101,2,0
,,,,,39,24,1,0
,,,,,55,131,1,0
,,,,,33,105,1,0
,,,,,47,52,2,0
,,,,,57,21,2,0
,,,,,57,45,1,0
,,,,,40,39,1,0
,,,,,50,192,1,0
,,,,,29,195,1,0
,,,,,46,83,1,0
,,,,,42,34,2,0
,,,,,59,49,2,0
,,,,,31,60,3,0
,,,,,51,41,1,0
,,,,,35,72,1,0
,,,,,35,31,1,0
,,,,,46,73,2,0
,,,,,34,89,1,0
,,,,,55,19,3,0
,,,,,64,63,2,0
,,,,,34,104,3,0
,,,,,61,40,2,0
,,,,,63,92,3,0
,,,,,59,72,2,0
,,,,,51,44,2,0
,,,,,37,73,1,0
,,,,,64,63,2,0
,,,,,44,69,3,0
,,,,,62,42,1,0
,,,,,50,88,1,0
,,,,,43,98,1,0
,,,,,38,12,2,0
,,,,,39,12,3,0
,,,,,53,24,1,0
,,,,,46,25,3,0
,,,,,57,131,1,0
,,,,,59,50,3,0
,,,,,52,21,1,0
,,,,,29,55,2,0
,,,,,49,58,1,0
,,,,,39,72,1,0
,,,,,63,83,2,0
,,,,,37,93,1,0
,,,,,56,38,3,0
,,,,,45,55,3,0
,,,,,66,11,3,0
,,,,,40,85,1,0
,,,,,50,124,1,0
,,,,,60,129,1,0
,,,,,31,180,1,0
,,,,,40,74,2,0
,,,,,54,83,1,0
,,,,,35,33,1,0
,,,,,55,21,3,0
,,,,,36,35,1,0
,,,,,66,105,3,0
,,,,,38,103,2,0
,,,,,58,75,3,0
,,,,,41,33,1,0
,,,,,60,52,2,0
,,,,,47,89,2,0
,,,,,62,63,3,0
,,,,,61,44,1,0
,,,,,29,29,1,0
,,,,,45,29,3,0
,,,,,39,22,2,0
,,,,,31,53,1,0
,,,,,39,24,2,0
,,,,,63,153,1,0
,,,,,28,31,2,0
,,,,,56,21,2,0
,,,,,31,180,1,0
,,,,,46,82,2,0
,,,,,42,90,1,0
,,,,,41,99,2,0
,,,,,62,53,2,0
,,,,,59,18,2,0
,,,,,49,70,1,0
,,,,,65,100,3,0
,,,,,32,125,1,0
,,,,,56,68,3,0
,,,,,36,55,1,0
,,,,,27,84,1,0
,,,,,41,13,3,0
,,,,,59,33,1,0
,,,,,56,89,2,0
,,,,,52,93,1,0
,,,,,35,68,3,0
,,,,,47,85,2,0
,,,,,29,73,2,0
,,,,,31,83,2,0
,,,,,26,24,3,0
,,,,,60,102,1,0
,,,,,35,53,1,0
,,,,,40,175,1,0
,,,,,31,28,1,0
,,,,,50,14,1,0
,,,,,37,34,1,0
,,,,,38,64,3,0
,,,,,63,84,2,0
,,,,,57,42,2,0
,,,,,61,63,1,0
,,,,,37,100,3,0
,,,,,44,22,1,0
,,,,,63,20,2,0
,,,,,43,21,2,0
,,,,,38,25,2,0
,,,,,34,20,3,0
,,,,,29,81,1,0
,,,,,60,119,1,0
,,,,,46,74,3,0
,,,,,34,42,2,0
,,,,,56,73,1,0
,,,,,62,44,3,0
,,,,,32,141,1,0
,,,,,51,14,1,0
,,,,,55,33,3,0
,,,,,60,83,1,0
,,,,,40,89,1,0
,,,,,62,39,1,0
,,,,,63,83,3,0
,,,,,60,108,1,0
,,,,,59,21,2,0
,,,,,26,102,1,0
,,,,,56,48,3,0
,,,,,58,32,1,0
,,,,,57,43,1,0
,,,,,48,35,2,0
,,,,,30,184,1,0
,,,,,45,140,1,0
,,,,,64,32,2,0
,,,,,44,149,1,0
,,,,,51,15,3,0
,,,,,43,71,2,0
,,,,,29,108,2,0
,,,,,56,122,1,0
,,,,,65,40,3,0
,,,,,46,198,1,0
,,,,,48,79,2,0
,,,,,56,84,3,0
,,,,,61,31,2,0
,,,,,46,12,3,0
,,,,,58,88,1,0
,,,,,31,29,2,0
,,,,,27,201,1,0
,,,,,44,20,3,0
,,,,,44,15,1,0
,,,,,51,155,1,0
,,,,,39,25,2,0
,,,,,32,200,1,0
,,,,,33,101,2,0
,,,,,40,19,2,0
,,,,,36,188,1,0
,,,,,52,8,1,0
,,,,,54,59,3,0
,,,,,26,72,1,0
,,,,,39,55,3,0
,,,,,46,24,2,0
,,,,,57,19,1,0
,,,,,59,71,3,0
,,,,,52,54,2,0
,,,,,52,28,3,0
,,,,,50,25,3,0
,,,,,41,51,3,0
,,,,,25,88,2,0
,,,,,40,125,1,0
,,,,,35,79,3,0
,,,,,60,31,2,0
,,,,,57,131,1,0
,,,,,44,70,2,0
,,,,,61,38,3,0
,,,,,33,83,1,0
,,,,,45,59,1,0
,,,,,45,121,1,0
,,,,,64,42,3,0
,,,,,50,32,1,0
,,,,,28,29,1,0
,,,,,37,40,2,0
,,,,,62,25,3,0
,,,,,29,21,2,0
,,,,,49,79,2,0
,,,,,46,52,3,0
,,,,,60,61,2,0
,,,,,55,25,1,0
,,,,,53,25,1,0
,,,,,50,80,1,0
,,,,,28,55,2,0
,,,,,42,23,3,0
,,,,,33,60,1,0
,,,,,40,54,1,0
,,,,,31,44,1,0
,,,,,41,33,2,0
,,,,,52,45,2,0
,,,,,65,55,3,0
,,,,,48,134,1,0
,,,,,45,44,2,0
,,,,,26,149,1,0
,,,,,64,22,3,0
,,,,,41,74,2,0
,,,,,60,62,1,0
,,,,,62,9,1,0
,,,,,46,9,3,0
,,,,,36,15,2,0
,,,,,31,28,1,0
,,,,,43,83,3,0
,,,,,46,73,3,0
,,,,,50,42,2,0
,,,,,52,34,2,0
,,,,,27,32,2,0
,,,,,34,68,1,0
,,,,,49,82,1,0
,,,,,52,19,2,0
,,,,,37,60,1,0
,,,,,53,192,1,0
,,,,,29,190,1,0
,,,,,35,34,2,0
,,,,,32,44,1,0
,,,,,38,23,3,0
,,,,,44,43,3,0
,,,,,48,139,1,0
,,,,,46,118,1,0
,,,,,49,70,1,0
,,,,,57,42,3,0
,,,,,35,143,1,0
,,,,,38,28,2,0
,,,,,57,45,1,0
,,,,,35,78,2,0
,,,,,29,121,1,0
,,,,,58,59,1,0
,,,,,40,64,1,0
,,,,,51,15,1,0
,,,,,61,10,1,0
,,,,,46,61,3,0
,,,,,55,50,1,0
,,,,,35,79,3,0
,,,,,60,35,1,0
,,,,,28,11,3,0
,,,,,43,128,1,0
,,,,,61,55,3,0
,,,,,48,79,2,0
,,,,,65,18,1,0
,,,,,45,91,2,0
,,,,,36,9,3,0
,,,,,45,62,3,0
,,,,,60,59,1,0
,,,,,47,25,1,0
,,,,,32,54,1,0
,,,,,33,125,1,0
,,,,,59,35,1,0
,,,,,56,113,1,0
,,,,,30,25,2,0
,,,,,59,45,3,0
,,,,,38,119,1,0
,,,,,47,30,2,0
,,,,,54,79,2,0
,,,,,41,23,2,0
,,,,,47,171,1,0
,,,,,44,74,3,0
,,,,,43,103,1,0
,,,,,31,99,1,0
,,,,,28,43,3,0
,,,,,55,23,3,0
,,,,,42,91,2,0
,,,,,53,93,2,0
,,,,,30,154,1,0
,,,,,65,21,3,0
,,,,,43,65,3,0
,,,,,56,15,2,0
,,,,,25,52,3,0
,,,,,35,30,1,0
,,,,,50,42,2,0
,,,,,36,20,1,0
,,,,,34,60,2,0
,,,,,32,54,3,0
,,,,,51,60,1,0
,,,,,52,41,2,0
,,,,,65,30,2,0
,,,,,51,21,2,0
,,,,,37,105,2,0
,,,,,35,65,1,0
,,,,,67,20,1,0
,,,,,62,161,1,0
,,,,,42,82,3,0
,,,,,48,43,2,0
,,,,,61,61,1,0
,,,,,36,90,3,0
,,,,,48,90,2,0
,,,,,65,21,1,0
,,,,,25,118,1,0
,,,,,55,44,2,0
,,,,,31,99,2,0
,,,,,43,98,1,0
,,,,,28,69,2,0
,,,,,37,82,2,0
,,,,,27,112,1,0
,,,,,62,123,1,0
,,,,,51,78,2,0
,,,,,56,59,1,0
,,,,,56,78,2,0
,,,,,44,49,3,0
,,,,,46,82,2,0
,,,,,56,185,1,0
,,,,,57,163,1,0
,,,,,31,19,3,0
,,,,,65,115,2,0
,,,,,31,81,2,0
,,,,,36,93,3,0
,,,,,52,184,1,0
,,,,,42,50,2,0
,,,,,55,55,1,0
,,,,,49,13,3,0
,,,,,51,29,1,0
,,,,,26,72,1,0
,,,,,32,83,2,0
,,,,,54,98,3,0
,,,,,50,43,1,0
,,,,,59,34,1,0
,,,,,61,10,2,0
,,,,,43,201,1,0
,,,,,39,85,3,0
,,,,,56,50,3,0
,,,,,38,91,1,0
,,,,,25,112,1,0
,,,,,42,98,1,0
,,,,,42,115,1,0
,,,,,50,22,2,0
,,,,,56,101,2,0
,,,,,43,83,3,0
,,,,,60,52,2,0
,,,,,48,54,2,0
,,,,,37,69,1,0
,,,,,57,64,3,0
,,,,,62,53,3,0
,,,,,38,19,2,0
,,,,,54,31,3,0
,,,,,45,63,3,0
,,,,,39,25,3,0
,,,,,45,22,1,0
,,,,,62,78,3,0
,,,,,43,81,1,0
,,,,,30,41,2,0
,,,,,35,62,1,0
,,,,,58,35,3,0
,,,,,44,30,3,0
,,,,,56,51,2,0
,,,,,28,140,1,0
,,,,,64,73,1,0
,,,,,63,40,2,0
,,,,,44,69,3,0
,,,,,50,82,2,0
,,,,,30,38,3,0
,,,,,55,23,1,0
,,,,,57,55,3,0
,,,,,43,58,1,0
,,,,,61,29,2,0
,,,,,49,39,1,0
,,,,,52,39,2,0
,,,,,57,30,1,0
,,,,,53,58,3,0
,,,,,52,62,3,0
,,,,,39,62,1,0
,,,,,58,19,3,0
,,,,,36,38,2,0
,,,,,45,84,3,0
,,,,,30,78,2,0
,,,,,49,22,1,0
,,,,,44,81,3,0
,,,,,43,32,2,0
,,,,,42,89,1,0
,,,,,29,121,1,0
,,,,,28,42,1,0
,,,,,50,130,1,0
,,,,,44,30,2,0
,,,,,52,114,1,0
,,,,,28,155,1,0
,,,,,62,50,1,0
,,,,,34,34,2,0
,,,,,45,94,3,0
,,,,,52,114,2,0
,,,,,43,89,3,0
,,,,,54,49,3,0
,,,,,64,115,1,0
,,,,,27,148,1,0
,,,,,42,72,2,0
,,,,,28,114,3,0
,,,,,47,11,1,0
,,,,,39,63,3,0
,,,,,29,113,1,0
,,,,,39,80,1,0
,,,,,41,54,3,0
,,,,,37,32,3,0
,,,,,41,11,1,0
,,,,,45,141,1,0
,,,,,52,84,2,0
,,,,,58,18,2,0
,,,,,31,20,1,0
,,,,,26,55,2,0
,,,,,31,31,2,0
,,,,,42,114,1,0
,,,,,56,52,2,0
,,,,,52,18,1,0
,,,,,59,55,3,0
,,,,,32,29,3,0
,,,,,46,30,1,0
,,,,,52,38,1,0
,,,,,30,122,1,0
,,,,,32,183,1,0
,,,,,35,41,2,0
,,,,,49,38,3,0
,,,,,54,61,3,0
,,,,,48,80,2,0
,,,,,28,22,2,0
,,,,,44,124,1,0
,,,,,30,44,3,0
,,,,,64,75,2,0
,,,,,48,78,2,0
,,,,,63,31,3,0
,,,,,25,99,1,0
,,,,,61,41,1,0
,,,,,46,39,2,0
,,,,,57,51,1,0
,,,,,40,52,3,0
,,,,,30,141,1,0
,,,,,41,93,1,0
,,,,,42,14,2,0
,,,,,63,160,1,0
,,,,,43,44,1,0
,,,,,59,33,1,0
,,,,,33,71,3,0
,,,,,55,55,1,0
,,,,,47,79,2,0
,,,,,59,80,2,0
,,,,,38,179,1,0
,,,,,42,9,3,0
,,,,,30,61,2,0
,,,,,63,111,1,0
,,,,,60,80,1,0
,,,,,62,32,1,0
,,,,,49,83,1,0
,,,,,59,91,2,0
,,,,,36,29,1,0
,,,,,46,19,2,0
,,,,,35,52,2,0
,,,,,50,150,1,0
,,,,,51,32,3,0
,,,,,41,91,3,0
,,,,,41,121,1,0
,,,,,57,25,3,0
,,,,,51,102,1,0
,,,,,52,44,2,0
,,,,,28,43,2,0
,,,,,43,94,2,0
,,,,,41,29,3,0
,,,,,34,38,1,0
,,,,,28,120,1,0
,,,,,58,85,1,0
,,,,,39,89,1,0
,,,,,49,25,3,0
,,,,,33,20,1,0
,,,,,37,125,1,0
,,,,,33,18,3,0
,,,,,28,173,1,0
,,,,,54,34,3,0
,,,,,57,55,1,0
,,,,,56,32,3,0
,,,,,54,65,3,0
,,,,,29,83,1,0
,,,,,41,30,2,0
,,,,,58,180,1,0
,,,,,61,13,3,0
,,,,,30,35,1,0
,,,,,62,95,1,0
,,,,,52,83,1,0
,,,,,29,39,1,0
,,,,,46,54,3,0
,,,,,52,81,3,0
,,,,,40,53,3,0
,,,,,49,119,1,0
,,,,,35,21,2,0
,,,,,26,40,3,0
,,,,,65,69,2,0
,,,,,52,45,2,0
,,,,,32,55,2,0
,,,,,31,38,3,0
,,,,,36,44,2,0
,,,,,50,45,2,0
,,,,,36,84,2,0
,,,,,39,29,3,0
,,,,,53,95,2,0
,,,,,50,79,1,0
,,,,,31,41,2,0
,,,,,53,19,3,0
,,,,,48,75,3,0
,,,,,57,64,1,0
,,,,,55,54,3,0
,,,,,37,14,2,0
,,,,,59,94,1,0
,,,,,53,10,1,0
,,,,,31,145,1,0
,,,,,25,81,3,0
,,,,,37,153,1,0
,,,,,40,58,3,0
,,,,,31,49,3,0
,,,,,62,132,1,0
,,,,,41,85,3,0
,,,,,56,85,1,0
,,,,,28,104,1,0
,,,,,60,40,1,0
,,,,,27,103,1,0
,,,,,57,25,1,0
,,,,,62,69,3,0
,,,,,57,30,1,0
,,,,,44,70,2,0
,,,,,31,15,3,0
,,,,,31,125,1,0
,,,,,39,50,3,0
,,,,,41,44,3,0
,,,,,41,38,2,0
,,,,,55,64,1,0
,,,,,28,9,2,0
,,,,,35,44,1,0
,,,,,44,93,1,0
,,,,,44,83,1,0
,,,,,40,179,1,0
,,,,,65,40,3,0
,,,,,35,58,3,0
,,,,,55,74,1,0
,,,,,55,15,1,0
,,,,,59,11,1,0
,,,,,39,41,2,0
,,,,,50,68,2,0
,,,,,45,28,3,0
,,,,,65,83,2,0
,,,,,36,40,2,0
,,,,,57,113,3,0
,,,,,53,89,3,0
,,,,,28,38,1,0
,,,,,55,62,1,0
,,,,,56,65,1,0
,,,,,57,40,1,0
,,,,,27,30,3,0
,,,,,27,20,1,0
,,,,,54,58,3,0
,,,,,48,150,1,0
,,,,,62,54,1,0
,,,,,41,19,2,0
,,,,,62,30,3,0
,,,,,40,123,1,0
,,,,,32,45,2,0
,,,,,62,154,1,0
,,,,,35,93,1,0
,,,,,25,71,1,0
,,,,,43,55,2,0
,,,,,52,38,2,0
,,,,,39,74,2,0
,,,,,33,69,3,0
,,,,,27,104,1,0
,,,,,27,38,3,0
,,,,,32,25,3,0
,,,,,65,162,1,0
,,,,,55,64,3,0
,,,,,52,30,2,0
,,,,,39,52,3,0
,,,,,35,42,3,0
,,,,,39,79,2,0
,,,,,34,34,1,0
,,,,,30,123,1,0
,,,,,37,160,1,0
,,,,,41,51,2,0
,,,,,31,108,1,0
,,,,,49,68,2,0
,,,,,58,42,3,0
,,,,,45,32,3,0
,,,,,40,22,3,0
,,,,,34,29,3,0
,,,,,54,69,3,0
,,,,,26,92,1,0
,,,,,54,40,3,0
,,,,,29,9,3,0
,,,,,48,128,1,0
,,,,,27,110,1,0
,,,,,42,171,1,0
,,,,,25,13,1,0
,,,,,45,25,3,0
,,,,,51,33,1,0
,,,,,60,34,3,0
,,,,,59,58,2,0
,,,,,49,51,2,0
,,,,,50,29,1,0
,,,,,41,111,1,0
,,,,,49,43,3,0
,,,,,50,130,1,0
,,,,,63,20,1,0
,,,,,63,101,1,0
,,,,,33,48,2,0
,,,,,64,92,3,0
,,,,,36,33,1,0
,,,,,58,51,2,0
,,,,,39,31,2,0
,,,,,46,83,1,0
,,,,,61,45,1,0
,,,,,53,89,3,0
,,,,,64,89,1,0
,,,,,38,9,2,0
,,,,,52,58,3,0
,,,,,65,80,3,0
,,,,,59,73,3,0
,,,,,45,41,1,0
,,,,,53,74,2,0
,,,,,38,29,3,0
,,,,,54,25,3,0
,,,,,25,98,1,0
,,,,,61,59,2,0
,,,,,48,43,3,0
,,,,,46,72,2,0
,,,,,46,134,1,0
,,,,,59,140,1,0
,,,,,59,39,3,0
,,,,,36,35,2,0
,,,,,63,141,1,0
,,,,,51,23,2,0
,,,,,30,134,1,0
,,,,,48,35,3,0
,,,,,55,42,1,0
,,,,,41,81,3,0
,,,,,26,14,1,0
,,,,,41,45,1,0
,,,,,54,79,2,0
,,,,,57,53,2,0
,,,,,54,33,2,0
,,,,,60,60,3,0
,,,,,63,8,2,0
,,,,,41,38,2,0
,,,,,46,154,1,0
,,,,,31,54,2,0
,,,,,58,41,1,0
,,,,,59,25,1,0
,,,,,46,53,1,0
,,,,,33,79,1,0
,,,,,56,13,2,0
,,,,,47,130,1,0
,,,,,59,93,2,0
,,,,,24,82,1,0
,,,,,39,15,2,0
,,,,,47,28,1,0
,,,,,35,9,2,0
,,,,,47,88,2,0
,,,,,38,143,1,0
,,,,,42,62,3,0
,,,,,26,51,1,0
,,,,,60,101,1,0
,,,,,27,90,1,0
,,,,,27,83,3,0
,,,,,40,21,3,0
,,,,,40,115,1,0
,,,,,30,32,2,0
,,,,,30,204,1,0
,,,,,47,34,1,0
,,,,,33,30,3,0
,,,,,57,31,2,0
,,,,,38,90,1,0
,,,,,54,79,3,0
,,,,,47,22,1,0
,,,,,62,42,3,0
,,,,,30,29,3,0
,,,,,35,72,2,0
,,,,,59,68,3,0
,,,,,38,78,3,0
,,,,,47,90,1,0
,,,,,42,14,2,0
,,,,,39,129,1,0
,,,,,53,39,3,0
,,,,,27,82,1,0
,,,,,59,31,2,0
,,,,,48,9,2,0
,,,,,62,15,3,0
,,,,,66,70,1,0
,,,,,38,84,3,0
,,,,,42,155,1,0
,,,,,47,89,3,0
,,,,,32,185,1,0
,,,,,37,82,1,0
,,,,,56,60,1,0
,,,,,39,58,2,0
,,,,,36,29,1,0
,,,,,32,32,1,0
,,,,,62,115,2,0
,,,,,48,83,2,0
,,,,,58,54,2,0
,,,,,27,112,3,0
,,,,,54,112,1,0
,,,,,60,23,2,0
,,,,,34,198,1,0
,,,,,46,84,3,0
,,,,,41,39,3,0
,,,,,62,129,1,0
,,,,,31,113,2,0
,,,,,41,35,3,0
,,,,,55,85,3,0
,,,,,45,73,1,0
,,,,,51,70,3,0
,,,,,30,39,1,0
,,,,,31,72,2,0
,,,,,61,68,3,0
,,,,,40,35,3,0
,,,,,45,61,1,0
,,,,,45,69,1,0
,,,,,37,59,2,0
,,,,,34,99,3,0
,,,,,42,130,1,0
,,,,,56,72,2,0
,,,,,33,44,1,0
,,,,,36,91,3,0
,,,,,62,92,1,0
,,,,,58,55,1,0
,,,,,65,20,1,0
,,,,,52,59,2,0
,,,,,64,8,3,0
,,,,,51,85,1,0
,,,,,59,94,1,0
,,,,,52,22,1,0
,,,,,55,74,3,0
,,,,,46,59,2,0
,,,,,61,12,2,0
,,,,,35,8,2,0
,,,,,56,74,3,0
,,,,,44,34,2,0
,,,,,53,63,3,0
,,,,,27,85,3,0
,,,,,40,31,3,0
,,,,,39,61,2,0
,,,,,59,88,1,0
,,,,,43,22,2,0
,,,,,30,63,2,0
,,,,,26,80,1,0
,,,,,48,78,1,0
,,,,,50,45,1,0
,,,,,33,51,3,0
,,,,,32,111,3,0
,,,,,34,45,1,0
,,,,,32,41,2,0
,,,,,55,69,3,0
,,,,,58,23,1,0
,,,,,47,160,1,0
,,,,,30,61,2,0
,,,,,42,110,1,0
,,,,,40,50,3,0
,,,,,33,49,2,0
,,,,,63,52,1,0
,,,,,62,53,1,0
,,,,,31,72,1,0
,,,,,28,51,3,0
,,,,,64,23,1,0
,,,,,27,41,3,0
,,,,,33,41,1,0
,,,,,44,138,1,0
,,,,,53,14,1,0
,,,,,42,145,1,0
,,,,,44,25,2,0
,,,,,34,43,1,0
,,,,,47,93,2,0
,,,,,53,90,1,0
,,,,,62,41,3,0
,,,,,42,63,3,0
,,,,,48,23,2,0
,,,,,41,75,3,0
,,,,,57,13,2,0
,,,,,31,10,3,0
,,,,,39,100,2,0
,,,,,48,85,1,0
,,,,,55,73,1,0
,,,,,29,130,1,0
,,,,,47,65,2,0
,,,,,61,59,1,0
,,,,,60,31,3,0
,,,,,34,134,1,0
,,,,,45,11,1,0
,,,,,60,32,3,0
,,,,,25,53,3,0
,,,,,41,28,1,0
,,,,,63,44,3,0
,,,,,63,40,1,0
,,,,,43,40,2,0
,,,,,58,163,1,0
,,,,,50,82,3,0
,,,,,38,89,2,0
,,,,,54,78,2,0
,,,,,61,55,3,0
,,,,,29,34,2,0
,,,,,33,58,2,0
,,,,,23,73,1,0
,,,,,56,54,1,0
,,,,,54,45,2,0
,,,,,38,93,1,0
,,,,,34,102,2,0
,,,,,53,39,1,0
,,,,,65,114,2,0
,,,,,62,29,3,0
,,,,,51,30,2,0
,,,,,31,22,3,0
,,,,,64,38,1,0
,,,,,39,41,1,0
,,,,,60,38,2,0
,,,,,47,25,3,0
,,,,,25,70,1,0
,,,,,44,201,1,0
,,,,,51,42,3,0
,,,,,31,64,1,0
,,,,,32,28,3,0
,,,,,51,119,1,0
,,,,,25,28,3,0
,,,,,43,60,3,0
,,,,,54,23,2,0
,,,,,54,39,1,0
,,,,,42,19,3,0
,,,,,46,72,3,0
,,,,,62,41,3,0
,,,,,31,32,2,0
,,,,,30,69,2,0
,,,,,52,23,1,0
,,,,,35,44,1,0
,,,,,60,32,2,0
,,,,,58,25,1,0
,,,,,24,80,3,0
,,,,,40,83,2,0
,,,,,49,133,1,0
,,,,,43,89,2,0
,,,,,33,81,3,0
,,,,,36,44,2,0
,,,,,62,119,1,0
,,,,,57,39,1,0
,,,,,64,40,3,0
,,,,,52,79,1,0
,,,,,54,30,2,0
,,,,,30,178,1,0
,,,,,55,82,2,0
,,,,,39,50,2,0
,,,,,55,64,2,0
,,,,,28,129,1,0
,,,,,44,68,1,0
,,,,,46,30,3,0
,,,,,61,48,1,0
,,,,,61,130,1,0
,,,,,45,40,3,0
,,,,,38,105,1,0
,,,,,29,41,1,0
,,,,,38,80,1,0
,,,,,28,134,1,0
,,,,,34,49,3,0
,,,,,35,63,1,0
,,,,,46,70,1,0
,,,,,63,32,2,0
,,,,,33,14,3,0
,,,,,38,111,1,0
,,,,,53,38,2,0
,,,,,28,121,1,0
,,,,,44,90,3,0
,,,,,38,20,2,0
,,,,,48,61,1,0
,,,,,33,43,1,0
,,,,,66,39,2,0
,,,,,59,60,1,0
,,,,,40,63,1,0
,,,,,36,8,3,0
,,,,,62,52,2,0
,,,,,58,111,1,0
,,,,,52,71,3,0
,,,,,41,25,2,0
,,,,,31,34,3,0
,,,,,28,74,3,0
,,,,,57,120,1,0
,,,,,61,50,2,0
,,,,,60,10,1,0
,,,,,56,45,2,0
,,,,,49,29,1,0
,,,,,63,145,1,0
,,,,,49,100,1,0
,,,,,49,24,1,0
,,,,,32,60,1,0
,,,,,26,50,2,0
,,,,,27,43,2,0
,,,,,57,79,1,0
,,,,,29,44,2,0
,,,,,56,31,3,0
,,,,,59,14,1,0
,,,,,53,19,1,0
,,,,,56,90,2,0
,,,,,50,21,3,0
,,,,,53,75,2,0
,,,,,37,175,1,0
,,,,,49,41,1,0
,,,,,54,79,2,0
,,,,,64,24,2,0
,,,,,25,39,2,0
,,,,,50,9,1,0
,,,,,38,15,2,0
,,,,,48,80,1,0
,,,,,41,63,3,0
,,,,,32,20,3,0
,,,,,46,43,3,0
,,,,,39,65,3,0
,,,,,39,91,2,0
,,,,,63,53,1,0
,,,,,58,110,2,0
,,,,,28,82,1,0
,,,,,36,23,3,0
,,,,,43,172,1,0
,,,,,36,88,1,0
,,,,,44,71,3,0
,,,,,45,39,3,0
,,,,,39,94,3,0
,,,,,43,25,2,0
,,,,,40,10,3,0
,,,,,30,42,1,0
,,,,,58,142,1,0
,,,,,46,34,1,0
,,,,,35,139,1,0
,,,,,30,154,1,0
,,,,,34,40,3,0
,,,,,62,33,3,0
,,,,,58,80,1,0
,,,,,45,10,2,0
,,,,,42,41,3,0
,,,,,60,30,1,0
,,,,,55,78,3,0
,,,,,45,164,1,0
,,,,,52,23,3,0
,,,,,31,149,1,0
,,,,,60,25,3,0
,,,,,33,42,3,0
,,,,,37,71,1,0
,,,,,51,70,2,0
,,,,,60,55,2,0
,,,,,61,29,1,0
,,,,,64,123,1,0
,,,,,31,8,2,0
,,,,,57,69,1,0
,,,,,48,79,2,0
,,,,,35,105,1,0
,,,,,33,39,1,0
,,,,,47,163,1,0
,,,,,46,9,1,0
,,,,,44,71,3,0
,,,,,42,51,3,0
,,,,,50,32,3,0
,,,,,53,60,1,0
,,,,,37,35,2,0
,,,,,64,41,2,0
,,,,,46,73,1,0
,,,,,57,49,1,0
,,,,,61,79,1,0
,,,,,42,120,1,0
,,,,,40,60,1,0
,,,,,33,78,2,0
,,,,,50,40,2,0
,,,,,57,68,1,0
,,,,,56,49,3,0
,,,,,44,65,1,0
,,,,,23,55,2,0
,,,,,33,62,1,0
,,,,,48,152,1,0
,,,,,45,42,2,0
,,,,,54,39,2,0
,,,,,47,82,1,0
,,,,,61,108,2,0
,,,,,53,59,3,0
,,,,,56,61,1,0
,,,,,33,78,2,0
,,,,,44,18,3,0
,,,,,63,113,3,0
,,,,,47,62,2,0
,,,,,50,81,1,0
,,,,,49,13,1,0
,,,,,34,75,1,0
,,,,,40,33,3,0
,,,,,38,179,1,0
,,,,,51,69,2,0
,,,,,28,45,3,0
,,,,,52,59,2,0
,,,,,39,81,1,0
,,,,,29,133,1,0
,,,,,54,81,3,0
,,,,,63,14,2,0
,,,,,40,28,3,0
,,,,,36,93,1,0
,,,,,61,155,1,0
,,,,,26,155,1,0
,,,,,33,68,1,0
,,,,,64,52,1,0
,,,,,43,51,3,0
,,,,,24,44,1,0
,,,,,30,121,1,0
,,,,,60,49,1,0
,,,,,50,42,3,0
,,,,,40,144,1,0
,,,,,31,72,2,0
,,,,,30,44,1,0
,,,,,60,43,3,0
,,,,,39,74,2,0
,,,,,66,145,1,0
,,,,,65,158,1,0
,,,,,54,78,1,0
,,,,,35,105,3,0
,,,,,32,100,2,0
,,,,,63,58,2,0
,,,,,60,113,1,0
,,,,,43,10,2,0
,,,,,59,142,1,0
,,,,,62,128,1,0
,,,,,54,88,2,0
,,,,,30,101,1,0
,,,,,31,70,3,0
,,,,,44,122,1,0
,,,,,32,70,1,0
,,,,,57,43,3,0
,,,,,60,31,3,0
,,,,,37,35,3,0
,,,,,53,81,3,0
,,,,,51,19,3,0
,,,,,30,98,3,0
,,,,,28,101,3,0
,,,,,50,81,3,0
,,,,,52,135,1,0
,,,,,56,34,2,0
,,,,,40,104,1,0
,,,,,64,29,2,0
,,,,,46,82,2,0
,,,,,55,62,1,0
,,,,,45,85,1,0
,,,,,40,8,2,0
,,,,,63,78,3,0
,,,,,57,44,2,0
,,,,,38,122,1,0
,,,,,37,22,2,0
,,,,,31,39,2,0
,,,,,50,55,2,0
,,,,,42,144,1,0
,,,,,51,71,2,0
,,,,,38,191,1,0
,,,,,53,22,2,0
,,,,,43,158,1,0
,,,,,49,75,2,0
,,,,,28,69,2,0
,,,,,51,39,1,0
,,,,,39,34,1,0
,,,,,31,32,1,0
,,,,,44,129,1,0
,,,,,42,54,1,0
,,,,,41,34,2,0
,,,,,23,45,2,0
,,,,,59,68,3,0
,,,,,47,53,2,0
,,,,,48,32,1,0
,,,,,58,31,1,0
,,,,,54,72,1,0
,,,,,49,30,2,0
,,,,,63,138,1,0
,,,,,62,18,2,0
,,,,,45,69,1,0
,,,,,39,58,1,0
,,,,,58,63,1,0
,,,,,56,43,1,0
,,,,,29,28,3,0
,,,,,33,38,3,0
,,,,,55,72,2,0
,,,,,56,64,1,0
,,,,,36,70,2,0
,,,,,53,12,1,0
,,,,,57,159,1,0
,,,,,35,103,3,0
,,,,,43,42,3,0
,,,,,54,48,3,0
,,,,,29,49,1,0
,,,,,39,89,1,0
,,,,,32,22,2,0
,,,,,51,10,1,0
,,,,,50,38,2,0
,,,,,54,49,3,0
,,,,,38,30,3,0
,,,,,32,82,2,0
,,,,,62,82,3,0
,,,,,57,24,2,0
,,,,,47,32,1,0
,,,,,51,34,3,0
,,,,,26,61,1,0
,,,,,37,22,2,0
,,,,,27,40,3,0
,,,,,63,50,1,0
,,,,,62,35,3,0
,,,,,59,64,2,0
,,,,,32,49,1,0
,,,,,35,44,2,0
,,,,,56,65,1,0
,,,,,55,13,1,0
,,,,,31,84,3,0
,,,,,54,28,2,0
,,,,,58,108,1,0
,,,,,48,59,1,0
,,,,,48,163,1,0
,,,,,36,69,3,0
,,,,,41,115,1,0
,,,,,53,118,1,0
,,,,,38,163,1,0
,,,,,46,140,1,0
,,,,,59,91,2,0
,,,,,56,61,3,0
,,,,,39,69,2,0
,,,,,47,22,1,0
,,,,,47,53,1,0
,,,,,53,25,2,0
,,,,,34,31,3,0
,,,,,36,83,3,0
,,,,,60,152,1,0
,,,,,45,30,1,0
,,,,,27,34,3,0
,,,,,47,44,3,0
,,,,,44,182,1,0
,,,,,54,44,1,0
,,,,,57,122,1,0
,,,,,52,35,1,0
,,,,,51,91,3,0
,,,,,57,30,2,0
,,,,,65,53,3,0
,,,,,58,28,3,0
,,,,,64,85,2,0
,,,,,52,28,2,0
,,,,,58,41,1,0
,,,,,43,41,3,0
,,,,,56,33,1,0
,,,,,53,59,3,0
,,,,,27,129,1,0
,,,,,53,35,3,0
,,,,,58,45,2,0
,,,,,36,62,2,0
,,,,,48,14,3,0
,,,,,54,53,3,0
,,,,,26,48,3,0
,,,,,50,128,1,0
,,,,,31,105,1,0
,,,,,35,40,1,0
,,,,,63,10,1,0
,,,,,29,102,1,0
,,,,,57,31,2,0
,,,,,30,30,1,0
,,,,,33,21,3,0
,,,,,62,44,1,0
,,,,,35,48,3,0
,,,,,37,21,2,0
,,,,,37,84,2,0
,,,,,35,64,2,0
,,,,,35,82,1,0
,,,,,59,39,1,0
,,,,,53,45,3,0
,,,,,46,152,1,0
,,,,,40,12,1,0
,,,,,42,32,1,0
,,,,,25,74,1,0
,,,,,39,54,2,0
,,,,,58,75,3,0
,,,,,41,95,1,0
,,,,,36,90,1,0
,,,,,27,20,1,0
,,,,,60,64,3,0
,,,,,62,85,3,0
,,,,,67,105,2,0
,,,,,44,21,1,0
,,,,,24,78,2,0
,,,,,45,158,1,0
,,,,,58,125,1,0
,,,,,61,81,2,0
,,,,,54,183,1,0
,,,,,28,54,2,0
,,,,,49,79,3,0
,,,,,35,38,2,0
,,,,,36,158,1,0
,,,,,27,20,3,0
,,,,,42,60,3,0
,,,,,65,113,3,0
,,,,,29,70,1,0
,,,,,65,84,3,0
,,,,,59,23,3,0
,,,,,46,141,1,0
,,,,,59,110,1,0
,,,,,52,31,1,0
,,,,,60,22,1,0
,,,,,43,91,1,0
,,,,,65,82,3,0
,,,,,50,23,1,0
,,,,,48,35,1,0
,,,,,58,18,2,0
,,,,,24,80,3,0
,,,,,58,74,3,0
,,,,,42,73,2,0
,,,,,64,40,1,0
,,,,,49,55,3,0
,,,,,55,69,2,0
,,,,,40,92,2,0
,,,,,28,48,3,0
,,,,,50,58,2,0
,,,,,40,109,1,0
,,,,,55,39,2,0
,,,,,53,33,2,0
,,,,,48,18,1,0
,,,,,59,63,1,0
,,,,,58,43,2,0
,,,,,38,70,3,0
,,,,,49,19,3,0
,,,,,60,39,2,0
,,,,,54,81,1,0
,,,,,28,34,3,0
,,,,,42,114,1,0
,,,,,52,55,3,0
,,,,,54,21,2,0
,,,,,56,50,2,0
,,,,,58,41,1,0
,,,,,64,8,3,0
,,,,,35,55,2,0
,,,,,45,40,1,0
,,,,,57,22,2,0
,,,,,35,44,2,0
,,,,,30,54,3,0
,,,,,39,75,2,0
,,,,,42,42,1,0
,,,,,34,133,1,0
,,,,,46,40,2,0
,,,,,55,34,1,0
,,,,,28,142,1,0
,,,,,35,64,1,0
,,,,,60,44,3,0
,,,,,50,95,1,0
,,,,,52,49,3,0
,,,,,51,12,1,0
,,,,,51,98,3,0
,,,,,59,42,1,0
,,,,,53,44,3,0
,,,,,43,124,1,0
,,,,,31,175,1,0
,,,,,32,22,1,0
,,,,,41,78,1,0
,,,,,31,54,2,0
,,,,,41,154,1,0
,,,,,47,42,2,0
,,,,,37,195,1,0
,,,,,53,80,3,0
,,,,,49,81,2,0
,,,,,62,89,1,0
,,,,,33,61,2,0
,,,,,54,25,3,0
,,,,,27,43,2,0
,,,,,60,122,1,0
,,,,,29,160,1,0
,,,,,56,83,2,0
,,,,,55,79,3,0
,,,,,45,30,2,0
,,,,,33,145,1,0
,,,,,45,151,1,0
,,,,,44,14,3,0
,,,,,37,19,2,0
,,,,,42,55,3,0
,,,,,33,182,1,0
,,,,,61,78,1,0
,,,,,31,42,2,0
,,,,,54,44,3,0
,,,,,61,53,2,0
,,,,,66,65,1,0
,,,,,38,43,1,0
,,,,,55,38,3,0
,,,,,60,50,3,0
,,,,,23,81,2,0
,,,,,29,41,3,0
,,,,,35,73,1,0
,,,,,53,31,3,0
,,,,,32,84,2,0
,,,,,38,95,1,0
,,,,,43,60,3,0
,,,,,52,43,2,0
,,,,,31,38,2,0
,,,,,47,82,1,0
,,,,,42,52,1,0
,,,,,57,43,1,0
,,,,,33,82,2,0
,,,,,35,161,1,0
,,,,,56,24,2,0
,,,,,57,102,1,0
,,,,,25,53,2,0
,,,,,53,85,1,0
,,,,,59,111,1,0
,,,,,56,90,1,0
,,,,,54,94,1,0
,,,,,48,63,3,0
,,,,,33,39,3,0
,,,,,46,205,1,0
,,,,,42,142,1,0
,,,,,49,163,1,0
,,,,,42,113,1,0
,,,,,46,64,1,0
,,,,,65,20,3,0
,,,,,50,179,1,0
,,,,,54,91,3,0
,,,,,57,80,2,0
,,,,,61,38,1,0
,,,,,60,44,1,0
,,,,,33,81,1,0
,,,,,37,95,2,0
,,,,,52,44,2,0
,,,,,33,88,1,0
,,,,,63,11,2,0
,,,,,55,92,3,0
,,,,,33,74,2,0
,,,,,25,72,1,0
,,,,,55,63,1,0
,,,,,29,172,1,0
,,,,,45,183,1,0
,,,,,60,40,3,0
,,,,,44,68,1,0
,,,,,48,78,3,0
,,,,,57,68,1,0
,,,,,58,49,1,0
,,,,,58,39,3,0
,,,,,44,151,1,0
,,,,,54,159,1,0
,,,,,59,89,2,0
,,,,,63,105,3,0
,,,,,61,78,1,0
,,,,,58,128,1,0
,,,,,44,81,1,0
,,,,,53,50,3,0
,,,,,63,38,3,0
,,,,,41,119,1,0
,,,,,50,110,2,0
,,,,,51,29,3,0
,,,,,47,19,3,0
,,,,,46,38,1,0
,,,,,50,31,3,0
,,,,,33,14,2,0
,,,,,34,39,1,0
,,,,,28,33,1,0
,,,,,29,92,1,0
,,,,,52,78,2,0
,,,,,47,42,2,0
,,,,,41,15,2,0
,,,,,58,48,2,0
,,,,,37,63,1,0
,,,,,57,149,1,0
,,,,,63,49,1,0
,,,,,60,125,1,0
,,,,,50,58,2,0
,,,,,60,48,1,0
,,,,,54,75,3,0
,,,,,28,114,1,0
,,,,,28,111,3,0
,,,,,54,62,2,0
,,,,,42,45,1,0
,,,,,30,113,1,0
,,,,,61,128,1,0
,,,,,38,81,3,0
,,,,,39,75,2,0
,,,,,54,21,3,0
,,,,,59,83,1,0
,,,,,39,121,1,0
,,,,,63,40,3,0
,,,,,31,101,3,0
,,,,,56,90,3,0
,,,,,47,68,2,0
,,,,,28,74,2,0
,,,,,32,74,2,0
,,,,,54,51,3,0
,,,,,29,149,1,0
,,,,,39,31,3,0
,,,,,26,85,3,0
,,,,,29,62,3,0
,,,,,46,44,1,0
,,,,,38,63,3,0
,,,,,55,23,1,0
,,,,,48,40,2,0
,,,,,36,78,3,0
,,,,,39,40,3,0
,,,,,40,78,1,0
,,,,,55,71,2,0
,,,,,61,23,3,0
,,,,,57,15,1,0
,,,,,56,28,1,0
,,,,,31,23,1,0
,,,,,61,19,3,0
,,,,,58,42,3,0
,,,,,43,113,1,0
,,,,,29,34,2,0
,,,,,50,19,2,0
,,,,,49,43,2,0
,,,,,58,44,3,0
,,,,,41,21,2,0
,,,,,65,115,1,0
,,,,,52,81,2,0
,,,,,55,91,1,0
,,,,,49,30,2,0
,,,,,52,55,3,0
,,,,,56,48,3,0
,,,,,30,23,2,0
,,,,,36,21,2,0
,,,,,41,55,1,0
,,,,,42,21,2,0
,,,,,60,40,3,0
,,,,,44,30,1,0
,,,,,34,78,2,0
,,,,,56,65,3,0
,,,,,31,50,3,0
,,,,,29,55,2,0
,,,,,31,111,1,0
,,,,,36,21,2,0
,,,,,42,65,3,0
,,,,,64,114,3,0
,,,,,61,54,3,0
,,,,,35,75,2,0
,,,,,28,13,1,0
,,,,,38,54,3,0
,,,,,44,22,2,0
,,,,,45,198,1,0
,,,,,46,18,1,0
,,,,,57,74,1,0
,,,,,40,61,3,0
,,,,,38,64,1,0
,,,,,39,10,2,0
,,,,,23,82,2,0
,,,,,47,61,2,0
,,,,,32,83,1,0
,,,,,30,73,3,0
,,,,,54,22,1,0
,,,,,25,91,2,0
,,,,,60,65,3,0
,,,,,61,13,1,0
,,,,,36,103,1,0
,,,,,52,95,1,0
,,,,,33,31,1,0
,,,,,50,38,1,0
,,,,,43,104,1,0
,,,,,26,38,2,0
,,,,,26,30,3,0
,,,,,48,19,3,0
,,,,,49,25,1,0
,,,,,43,20,1,0
,,,,,40,83,3,0
,,,,,31,18,2,0
,,,,,55,62,2,0
,,,,,54,24,2,0
,,,,,23,13,1,0
,,,,,54,64,3,0
,,,,,57,62,1,0
,,,,,28,88,1,0
,,,,,33,28,1,0
,,,,,51,52,3,0
,,,,,28,82,1,0
,,,,,63,140,1,0
,,,,,29,80,2,0
,,,,,62,58,2,0
,,,,,51,180,1,0
,,,,,52,55,2,0
,,,,,43,65,2,0
,,,,,39,62,2,0
,,,,,35,23,1,0
,,,,,34,35,1,0
,,,,,49,35,2,0
,,,,,43,74,1,0
,,,,,48,14,1,0
,,,,,30,83,3,0
,,,,,46,71,3,0
,,,,,43,53,1,0
,,,,,27,103,1,0
,,,,,39,109,1,0
,,,,,58,60,2,0
,,,,,44,12,2,0
,,,,,39,141,1,0
,,,,,35,128,1,0
,,,,,41,98,1,0
,,,,,43,41,3,0
,,,,,55,90,3,0
,,,,,32,31,1,0
,,,,,56,74,3,0
,,,,,30,83,3,0
,,,,,65,35,3,0
,,,,,31,140,1,0
,,,,,41,65,3,0
,,,,,55,35,1,0
,,,,,37,73,3,0
,,,,,34,29,2,0
,,,,,34,55,2,0
,,,,,33,20,2,0
,,,,,48,70,2,0
,,,,,28,81,1,0
,,,,,30,25,1,0
,,,,,44,119,1,0
,,,,,61,49,2,0
,,,,,59,38,1,0
,,,,,33,80,3,0
,,,,,56,84,1,0
,,,,,53,61,2,0
,,,,,43,60,1,0
,,,,,35,83,3,0
,,,,,61,59,2,0
,,,,,39,32,3,0
,,,,,61,33,3,0
,,,,,40,19,3,0
,,,,,34,14,1,0
,,,,,40,154,1,0
,,,,,39,33,2,0
,,,,,61,28,3,0
,,,,,40,44,1,0
,,,,,49,81,3,0
,,,,,43,29,3,0
,,,,,45,58,3,0
,,,,,52,38,2,0
,,,,,32,82,1,0
,,,,,31,18,3,0
,,,,,27,45,2,0
,,,,,33,64,1,0
,,,,,65,48,1,0
,,,,,62,24,3,0
,,,,,55,65,3,0
,,,,,46,111,1,0
,,,,,37,114,2,0
,,,,,60,39,3,0
,,,,,44,19,3,0
,,,,,35,22,2,0
,,,,,52,49,2,0
,,,,,30,40,1,0
,,,,,62,63,1,0
,,,,,41,55,1,0
,,,,,38,33,2,0
,,,,,52,31,3,0
,,,,,48,24,1,0
,,,,,47,81,3,0
,,,,,41,81,2,0
,,,,,44,113,1,0
,,,,,31,92,1,0
,,,,,50,81,1,0
,,,,,36,101,3,0
,,,,,52,78,2,0
,,,,,62,78,3,0
,,,,,55,35,2,0
,,,,,61,9,3,0
,,,,,34,82,2,0
,,,,,34,41,3,0
,,,,,59,84,3,0
,,,,,41,42,2,0
,,,,,33,54,1,0
,,,,,55,84,3,0
,,,,,64,131,1,0
,,,,,44,85,3,0
,,,,,32,84,1,0
,,,,,67,114,3,0
,,,,,40,61,3,0
,,,,,57,39,3,0
,,,,,59,21,1,0
,,,,,58,68,1,0
,,,,,35,85,1,0
,,,,,40,180,1,0
,,,,,31,110,3,0
,,,,,32,65,1,0
,,,,,43,81,1,0
,,,,,31,132,1,0
,,,,,26,44,2,0
,,,,,58,98,1,0
,,,,,51,62,2,0
,,,,,45,91,1,0
,,,,,56,29,2,0
,,,,,25,101,3,0
,,,,,38,65,2,0
,,,,,62,58,2,0
,,,,,39,32,3,0
,,,,,50,44,1,0
,,,,,52,113,3,0
,,,,,53,38,2,0
,,,,,25,13,1,0
,,,,,44,62,1,0
,,,,,42,29,3,0
,,,,,57,23,3,0
,,,,,56,11,1,0
,,,,,60,90,2,0
,,,,,62,43,2,0
,,,,,48,59,1,0
,,,,,37,28,3,0
,,,,,55,28,2,0
,,,,,42,108,1,0
,,,,,39,78,3,0
,,,,,47,65,1,0
,,,,,34,25,1,0
,,,,,48,108,3,0
,,,,,52,43,2,0
,,,,,53,95,2,0
,,,,,49,24,1,0
,,,,,47,190,1,0
,,,,,48,24,3,0
,,,,,38,41,1,0
,,,,,48,80,1,0
,,,,,56,63,3,0
,,,,,65,79,3,0
,,,,,50,114,1,0
,,,,,41,120,1,0
,,,,,41,104,3,0
,,,,,60,20,1,0
,,,,,57,41,1,0
,,,,,48,35,1,0
,,,,,45,22,1,0
,,,,,35,132,1,0
,,,,,34,32,3,0
,,,,,67,21,3,0
,,,,,36,49,2,0
,,,,,37,79,2,0
,,,,,40,30,3,0
,,,,,35,118,1,0
,,,,,60,11,3,0
,,,,,59,61,3,0
,,,,,35,43,2,0
,,,,,29,54,3,0
,,,,,35,33,1,0
,,,,,38,84,3,0
,,,,,43,110,1,0
,,,,,35,14,1,0
,,,,,41,65,1,0
,,,,,65,78,3,0
,,,,,61,18,3,0
,,,,,55,95,3,0
,,,,,28,95,2,0
,,,,,52,191,1,0
,,,,,34,19,3,0
,,,,,49,19,3,0
,,,,,42,39,3,0
,,,,,49,93,1,0
,,,,,32,112,2,0
,,,,,59,40,1,0
,,,,,43,45,2,0
,,,,,48,133,1,0
,,,,,31,85,1,0
,,,,,30,18,2,0
,,,,,58,54,2,0
,,,,,41,41,2,0
,,,,,38,21,3,0
,,,,,33,152,1,0
,,,,,51,53,2,0
,,,,,34,84,2,0
,,,,,39,59,3,0
,,,,,44,33,2,0
,,,,,55,81,1,0
,,,,,57,61,3,0
,,,,,43,88,2,0
,,,,,46,170,1,0
,,,,,35,83,3,0
,,,,,25,44,2,0
,,,,,65,83,3,0
,,,,,64,21,2,0
,,,,,39,143,1,0
,,,,,62,103,1,0
,,,,,36,162,1,0
,,,,,42,73,1,0
,,,,,63,25,3,0
,,,,,45,115,1,0
,,,,,27,88,1,0
,,,,,29,73,3,0
,,,,,55,94,3,0
,,,,,32,58,1,0
,,,,,37,81,2,0
,,,,,25,113,3,0
,,,,,41,35,2,0
,,,,,52,65,1,0
,,,,,31,170,1,0
,,,,,40,62,2,0
,,,,,54,54,3,0
,,,,,48,39,2,0
,,,,,39,28,3,0
,,,,,64,95,3,0
,,,,,39,21,3,0
,,,,,55,50,3,0
,,,,,42,34,3,0
,,,,,58,19,3,0
,,,,,45,71,1,0
,,,,,29,113,2,0
,,,,,36,9,3,0
,,,,,63,118,1,0
,,,,,55,79,1,0
,,,,,54,72,3,0
,,,,,61,18,1,0
,,,,,36,93,1,0
,,,,,61,62,2,0
,,,,,39,23,2,0
,,,,,57,40,3,0
,,,,,35,34,1,0
,,,,,66,114,3,0
,,,,,49,125,1,0
,,,,,48,41,3,0
,,,,,61,38,3,0
,,,,,44,45,2,0
,,,,,23,12,1,0
,,,,,31,115,3,0
,,,,,39,175,1,0
,,,,,45,24,3,0
,,,,,39,28,2,0
,,,,,64,32,1,0
,,,,,64,63,3,0
,,,,,47,32,1,0
,,,,,34,60,1,0
,,,,,56,53,3,0
,,,,,33,58,1,0
,,,,,56,42,2,0
,,,,,57,39,2,0
,,,,,43,72,1,0
,,,,,43,80,1,0
,,,,,26,39,2,0
,,,,,64,18,3,0
,,,,,43,30,3,0
,,,,,44,54,1,0
,,,,,60,128,1,0
,,,,,37,38,2,0
,,,,,56,120,1,0
,,,,,54,25,3,0
,,,,,43,85,3,0
,,,,,29,14,3,0
,,,,,54,70,3,0
,,,,,61,23,2,0
,,,,,29,31,2,0
,,,,,47,132,1,0
,,,,,43,28,1,0
,,,,,55,91,1,0
,,,,,48,191,1,0
,,,,,26,88,2,0
,,,,,63,84,3,0
,,,,,57,64,3,0
,,,,,58,28,2,0
,,,,,28,149,1,0
,,,,,65,42,2,0
,,,,,33,53,2,0
,,,,,43,113,2,0
,,,,,26,79,1,0
,,,,,57,175,1,0
,,,,,50,38,3,0
,,,,,59,52,1,0
,,,,,49,42,2,0
,,,,,54,13,1,0
,,,,,65,141,1,0
,,,,,34,131,1,0
,,,,,31,64,1,0
,,,,,64,49,1,0
,,,,,52,34,3,0
,,,,,57,91,1,0
,,,,,60,195,1,0
,,,,,45,53,2,0
,,,,,39,39,3,0
,,,,,25,20,1,0
,,,,,29,104,3,0
,,,,,40,51,2,0
,,,,,33,38,1,0
,,,,,51,12,1,0
,,,,,35,28,3,0
,,,,,54,33,3,0
,,,,,29,31,2,0
,,,,,32,44,2,0
,,,,,37,49,3,0
,,,,,55,134,1,0
,,,,,49,114,1,0
,,,,,51,90,2,0
,,,,,65,105,3,0
,,,,,32,58,1,0
,,,,,29,53,3,0
,,,,,46,15,3,0
,,,,,64,103,3,0
,,,,,27,58,2,0
,,,,,50,83,2,0
,,,,,38,61,3,0
,,,,,38,69,2,0
,,,,,37,89,3,0
,,,,,46,70,1,0
,,,,,31,39,2,0
,,,,,35,41,2,0
,,,,,50,148,1,0
,,,,,45,38,2,0
,,,,,60,129,1,0
,,,,,31,84,2,0
,,,,,60,29,2,0
,,,,,36,30,3,0
,,,,,64,90,3,0
,,,,,29,150,1,0
,,,,,58,15,2,0
,,,,,59,13,2,0
,,,,,58,9,3,0
,,,,,35,24,3,0
,,,,,43,41,2,0
,,,,,33,25,1,0
,,,,,54,49,2,0
,,,,,38,58,3,0
,,,,,38,141,1,0
,,,,,57,50,1,0
,,,,,34,61,1,0
,,,,,52,65,1,0
,,,,,50,112,1,0
,,,,,60,19,3,0
,,,,,26,23,2,0
,,,,,56,60,3,0
,,,,,39,30,1,0
,,,,,37,194,1,0
,,,,,45,109,1,0
,,,,,48,174,1,0
,,,,,65,34,3,0
,,,,,46,84,2,0
,,,,,40,41,2,0
,,,,,33,92,1,0
,,,,,40,19,3,0
,,,,,60,55,2,0
,,,,,51,22,2,0
,,,,,41,155,1,0
,,,,,37,72,3,0
,,,,,35,81,2,0
,,,,,35,30,1,0
,,,,,46,54,1,0
,,,,,60,60,1,0
,,,,,51,68,2,0
,,,,,31,65,2,0
,,,,,30,31,2,0
,,,,,33,29,3,0
,,,,,40,43,2,0
,,,,,57,80,1,0
,,,,,51,43,2,0
,,,,,30,194,1,0
,,,,,41,24,3,0
,,,,,54,32,3,0
,,,,,30,30,3,0
,,,,,56,64,2,0
,,,,,63,15,2,0
,,,,,56,70,2,0
,,,,,39,32,3,0
,,,,,28,84,3,0
,,,,,41,62,3,0
,,,,,28,33,2,0
,,,,,49,65,1,0
,,,,,30,33,2,0
,,,,,63,15,2,0
,,,,,45,45,2,0
,,,,,40,132,1,0
,,,,,28,29,2,0
,,,,,62,65,2,0
,,,,,38,52,2,0
,,,,,32,64,1,0
,,,,,58,73,3,0
,,,,,33,20,3,0
,,,,,60,44,1,0
,,,,,34,79,1,0
,,,,,38,104,2,0
,,,,,44,88,1,0
,,,,,56,51,3,0
,,,,,37,61,2,0
,,,,,45,23,3,0
,,,,,44,38,3,0
,,,,,37,75,2,0
,,,,,47,42,1,0
,,,,,51,45,1,0
,,,,,63,59,2,0
,,,,,43,9,3,0
,,,,,41,62,3,0
,,,,,59,202,1,0
,,,,,29,162,1,0
,,,,,32,93,1,0
,,,,,64,145,1,0
,,,,,58,149,1,0
,,,,,41,69,3,0
,,,,,37,30,1,0
,,,,,35,48,2,0
,,,,,45,42,3,0
,,,,,53,132,1,0
,,,,,53,81,2,0
,,,,,54,60,2,0
,,,,,28,45,2,0
,,,,,58,70,3,0
,,,,,47,71,1,0
,,,,,24,28,3,0
,,,,,27,83,1,0
,,,,,42,131,1,0
,,,,,50,82,1,0
,,,,,41,79,3,0
,,,,,46,51,3,0
,,,,,46,111,1,0
,,,,,51,93,1,0
,,,,,59,73,3,0
,,,,,58,24,2,0
,,,,,37,64,2,0
,,,,,39,104,1,0
,,,,,47,38,3,0
,,,,,51,191,1,0
,,,,,64,53,3,0
,,,,,59,74,3,0
,,,,,55,21,3,0
,,,,,57,80,3,0
,,,,,59,41,1,0
,,,,,42,79,3,0
,,,,,41,32,2,0
,,,,,43,38,3,0
,,,,,53,85,2,0
,,,,,47,93,3,0
,,,,,35,69,2,0
,,,,,52,32,2,0
,,,,,53,61,1,0
,,,,,48,125,1,0
,,,,,35,30,2,0
,,,,,52,104,2,0
,,,,,60,24,1,0
,,,,,33,22,2,0
,,,,,38,59,2,0
,,,,,35,164,1,0
,,,,,26,60,1,0
,,,,,48,43,2,0
,,,,,43,70,1,0
,,,,,60,51,1,0
,,,,,27,59,1,0
,,,,,40,22,2,0
,,,,,38,29,2,0
,,,,,50,18,3,0
,,,,,38,65,3,0
,,,,,34,65,1,0
,,,,,42,38,1,0
,,,,,60,110,1,0
,,,,,62,22,2,0
,,,,,59,43,1,0
,,,,,49,30,1,0
,,,,,49,134,1,0
,,,,,36,32,1,0
,,,,,33,139,1,0
,,,,,43,45,1,0
,,,,,53,62,2,0
,,,,,57,51,2,0
,,,,,53,93,3,0
,,,,,60,122,1,0
,,,,,34,45,1,0
,,,,,51,179,1,0
,,,,,36,64,1,0
,,,,,63,41,1,0
,,,,,37,58,3,0
,,,,,57,64,1,0
,,,,,52,28,2,0
,,,,,38,21,3,0
,,,,,61,60,2,0
,,,,,31,78,1,0
,,,,,39,59,3,0
,,,,,38,59,3,0
,,,,,46,83,2,0
,,,,,48,128,1,0
,,,,,58,95,1,0
,,,,,67,78,3,0
,,,,,30,30,1,0
,,,,,58,51,3,0
,,,,,43,35,3,0
,,,,,31,74,3,0
,,,,,37,43,2,0
,,,,,49,23,2,0
,,,,,27,20,1,0
,,,,,50,112,1,0
,,,,,46,74,2,0
,,,,,49,65,3,0
,,,,,29,124,1,0
,,,,,55,65,1,0
,,,,,61,73,3,0
,,,,,45,8,3,0
,,,,,33,53,1,0
,,,,,32,13,1,0
,,,,,42,60,1,0
,,,,,51,45,2,0
,,,,,44,39,3,0
,,,,,33,78,2,0
,,,,,39,43,3,0
,,,,,56,31,1,0
,,,,,43,82,1,0
,,,,,30,112,1,0
,,,,,34,10,2,0
,,,,,26,18,3,0
,,,,,58,72,2,0
,,,,,43,72,3,0
,,,,,40,78,1,0
,,,,,54,78,2,0
,,,,,44,30,3,0
,,,,,54,45,1,0
,,,,,39,80,1,0
,,,,,59,174,1,0
,,,,,53,51,3,0
,,,,,32,181,1,0
,,,,,40,78,2,0
,,,,,54,79,3,0
,,,,,27,119,1,0
,,,,,63,49,2,0
,,,,,33,100,2,0
,,,,,43,70,1,0
,,,,,57,52,2,0
,,,,,26,12,1,0
,,,,,55,82,3,0
,,,,,30,34,2,0
,,,,,63,112,3,0
,,,,,55,42,3,0
,,,,,35,83,1,0
,,,,,47,199,1,0
,,,,,31,29,2,0
,,,,,56,70,3,0
,,,,,49,25,3,0
,,,,,53,84,1,0
,,,,,62,81,1,0
,,,,,63,15,1,0
,,,,,26,54,3,0
,,,,,40,83,1,0
,,,,,42,62,3,0
,,,,,29,134,1,0
,,,,,40,75,1,0
,,,,,31,109,2,0
,,,,,35,152,1,0
,,,,,62,83,3,0
,,,,,51,52,3,0
,,,,,32,31,3,0
,,,,,62,98,1,0
,,,,,66,14,2,0
,,,,,53,64,1,0
,,,,,49,109,1,0
,,,,,65,118,1,0
,,,,,30,80,2,0
,,,,,60,51,3,0
,,,,,54,83,1,0
,,,,,54,90,1,0
,,,,,37,28,1,0
,,,,,32,82,1,0
,,,,,51,24,1,0
,,,,,46,71,1,0
,,,,,41,80,1,0
,,,,,62,109,3,0
,,,,,54,140,1,0
,,,,,52,39,2,0
,,,,,51,39,2,0
,,,,,24,50,2,0
,,,,,61,31,1,0
,,,,,55,35,3,0
,,,,,37,44,1,0
,,,,,64,35,3,0
,,,,,34,20,1,0
,,,,,31,10,2,0
,,,,,42,83,3,0
,,,,,47,203,1,0
,,,,,29,84,1,0
,,,,,34,41,1,0
,,,,,36,164,1,0
,,,,,34,152,1,0
,,,,,26,62,1,0
,,,,,48,12,1,0
,,,,,47,28,1,0
,,,,,39,52,1,0
,,,,,62,19,2,0
,,,,,34,35,1,0
,,,,,43,28,1,0
,,,,,55,70,2,0
,,,,,65,140,1,0
,,,,,26,102,3,0
,,,,,57,50,3,0
,,,,,32,61,1,0
,,,,,49,44,2,0
,,,,,23,12,1,0
,,,,,30,69,1,0
,,,,,43,132,1,0
,,,,,39,128,1,0
,,,,,31,44,1,0
,,,,,65,44,3,0
,,,,,34,34,3,0
,,,,,37,132,1,0
,,,,,62,158,1,0
,,,,,33,83,1,0
,,,,,48,28,3,0
,,,,,45,31,2,0
,,,,,44,40,2,0
,,,,,37,71,1,0
,,,,,31,42,3,0
,,,,,56,35,2,0
,,,,,30,81,1,0
,,,,,61,91,1,0
,,,,,51,75,1,0
,,,,,26,54,2,0
,,,,,31,43,1,0
,,,,,43,94,2,0
,,,,,57,84,3,0
,,,,,42,34,2,0
,,,,,48,15,1,0
,,,,,46,99,3,0
,,,,,33,15,2,0
,,,,,45,83,3,0
,,,,,31,83,3,0
,,,,,42,143,1,0
,,,,,56,81,3,0
,,,,,63,39,2,0
,,,,,50,62,3,0
,,,,,31,64,1,0
,,,,,65,29,2,0
,,,,,60,64,1,0
,,,,,34,21,2,0
,,,,,56,64,1,0
,,,,,51,40,1,0
,,,,,44,61,2,0
,,,,,41,44,3,0
,,,,,43,78,2,0
,,,,,25,25,3,0
,,,,,40,125,1,0
,,,,,53,63,3,0
,,,,,54,54,3,0
,,,,,36,92,1,0
,,,,,26,119,1,0
,,,,,35,40,2,0
,,,,,29,41,1,0
,,,,,35,81,1,0
,,,,,28,101,1,0
,,,,,48,25,2,0
,,,,,46,55,2,0
,,,,,31,43,3,0
,,,,,40,98,2,0
,,,,,27,112,3,0
,,,,,32,69,3,0
,,,,,67,79,2,0
,,,,,24,118,1,0
,,,,,45,81,2,0
,,,,,26,19,2,0
,,,,,65,63,2,0
,,,,,59,102,1,0
,,,,,30,40,2,0
,,,,,32,44,1,0
,,,,,36,59,1,0
,,,,,48,224,1,0
,,,,,56,64,3,0
,,,,,44,129,1,0
,,,,,60,43,1,0
,,,,,51,12,1,0
,,,,,34,53,2,0
,,,,,45,39,3,0
,,,,,47,65,1,0
,,,,,29,18,3,0
,,,,,52,55,3,0
,,,,,61,60,3,0
,,,,,40,42,1,0
,,,,,24,44,2,0
,,,,,33,111,1,0
,,,,,33,62,1,0
,,,,,52,44,3,0
,,,,,40,69,3,0
,,,,,45,62,3,0
,,,,,27,35,2,0
,,,,,38,91,1,0
,,,,,50,12,1,0
,,,,,41,89,1,0
,,,,,60,65,2,0
,,,,,34,82,3,0
,,,,,30,48,1,0
,,,,,31,20,2,0
,,,,,41,91,3,0
,,,,,61,122,1,0
,,,,,42,22,3,0
,,,,,48,43,1,0
,,,,,59,38,1,0
,,,,,57,61,1,0
,,,,,37,33,2,0
,,,,,53,145,1,0
,,,,,53,170,1,0
,,,,,26,55,2,0
,,,,,39,40,3,0
,,,,,35,68,1,0
,,,,,59,53,1,0
,,,,,43,63,3,0
,,,,,39,123,1,0
,,,,,49,13,1,0
,,,,,47,12,1,0
,,,,,41,53,1,0
,,,,,57,79,2,0
,,,,,42,89,2,0
,,,,,56,62,3,0
,,,,,25,40,2,0
,,,,,31,23,2,0
,,,,,38,62,3,0
,,,,,40,69,1,0
,,,,,61,124,1,0
,,,,,50,52,3,0
,,,,,32,134,1,0
,,,,,62,58,2,0
,,,,,62,45,2,0
,,,,,40,75,2,0
,,,,,59,23,2,0
,,,,,62,48,1,0
,,,,,48,145,1,0
,,,,,29,31,3,0
,,,,,58,38,3,0
,,,,,43,78,3,0
,,,,,39,94,1,0
,,,,,33,84,3,0
,,,,,40,22,3,0
,,,,,28,78,1,0
,,,,,38,75,2,0
,,,,,65,71,1,0
,,,,,35,24,3,0
,,,,,29,112,1,0
,,,,,61,53,2,0
,,,,,46,41,3,0
,,,,,50,25,2,0
,,,,,60,42,2,0
,,,,,54,51,2,0
,,,,,43,19,2,0
,,,,,38,90,1,0
,,,,,46,89,2,0
,,,,,64,22,1,0
,,,,,24,119,1,0
,,,,,34,18,1,0
,,,,,65,32,3,0
,,,,,62,19,3,0
,,,,,49,90,2,0
,,,,,57,59,1,0
,,,,,64,84,1,0
,,,,,30,13,3,0
,,,,,42,88,1,0
,,,,,53,34,3,0
,,,,,50,11,3,0
,,,,,62,80,2,0
,,,,,34,41,1,0
,,,,,47,90,3,0
,,,,,61,81,2,0
,,,,,59,60,1,0
,,,,,47,39,2,0
,,,,,65,22,2,0
,,,,,56,32,1,0
,,,,,56,28,3,0
,,,,,31,35,2,0
,,,,,42,189,1,0
,,,,,44,40,3,0
,,,,,47,88,2,0
,,,,,30,124,1,0
,,,,,62,23,3,0
,,,,,56,23,1,0
,,,,,25,139,1,0
,,,,,26,42,3,0
,,,,,59,161,1,0
,,,,,62,28,2,0
,,,,,40,42,1,0
,,,,,35,81,3,0
,,,,,41,82,1,0
,,,,,51,53,3,0
,,,,,46,42,3,0
,,,,,46,64,1,0
,,,,,31,90,1,0
,,,,,58,44,2,0
,,,,,42,29,3,0
,,,,,59,93,1,0
,,,,,54,69,3,0
,,,,,35,82,2,0
,,,,,46,13,3,0
,,,,,52,72,1,0
,,,,,55,54,1,0
,,,,,34,104,1,0
,,,,,57,44,2,0
,,,,,45,40,1,0
,,,,,29,190,1,0
,,,,,49,64,1,0
,,,,,36,9,2,0
,,,,,57,38,2,0
,,,,,25,72,3,0
,,,,,43,82,1,0
,,,,,27,48,3,0
,,,,,54,82,3,0
,,,,,53,14,2,0
,,,,,55,162,1,0
,,,,,43,54,1,0
,,,,,35,90,1,0
,,,,,59,64,1,0
,,,,,42,65,3,0
,,,,,51,113,1,0
,,,,,57,38,3,0
,,,,,39,65,3,0
,,,,,53,39,3,0
,,,,,31,174,1,0
,,,,,33,59,3,0
,,,,,38,43,1,0
,,,,,47,24,3,0
,,,,,63,50,2,0
,,,,,44,68,3,0
,,,,,61,61,3,0
,,,,,52,21,2,0
,,,,,59,21,2,0
,,,,,56,31,1,0
,,,,,58,70,1,0
,,,,,30,25,2,0
,,,,,42,78,3,0
,,,,,51,19,1,0
,,,,,60,23,3,0
,,,,,30,40,1,0
,,,,,49,22,3,0
,,,,,26,71,2,0
,,,,,36,58,2,0
,,,,,65,75,1,0
,,,,,27,40,2,0
,,,,,32,83,2,0
,,,,,46,99,1,0
,,,,,60,59,2,0
,,,,,28,53,2,0
,,,,,50,11,1,0
,,,,,29,71,3,0
,,,,,30,85,3,0
,,,,,42,49,3,0
,,,,,32,122,1,0
,,,,,40,171,1,0
,,,,,53,8,3,0
,,,,,42,59,1,0
,,,,,38,49,1,0
,,,,,60,92,1,0
,,,,,27,75,1,0
,,,,,61,60,2,0
,,,,,27,41,2,0
,,,,,45,40,2,0
,,,,,41,81,1,0
,,,,,44,52,3,0
,,,,,38,25,1,0
,,,,,39,139,1,0
,,,,,48,54,2,0
,,,,,47,81,1,0
,,,,,64,73,1,0
,,,,,27,30,3,0
,,,,,66,59,1,0
,,,,,43,21,1,0
,,,,,34,65,2,0
,,,,,28,41,2,0
,,,,,52,52,3,0
,,,,,45,84,2,0
,,,,,24,135,1,0
,,,,,39,18,3,0
,,,,,40,34,1,0
,,,,,30,85,3,0
,,,,,49,23,3,0
,,,,,53,65,2,0
,,,,,56,195,1,0
,,,,,50,40,1,0
,,,,,60,95,2,0
,,,,,58,23,2,0
,,,,,43,82,2,0
,,,,,46,53,3,0
,,,,,29,10,1,0
,,,,,56,75,2,0
,,,,,48,23,2,0
,,,,,61,133,1,0
,,,,,41,129,1,0
,,,,,35,85,2,0
,,,,,48,168,1,0
,,,,,43,83,3,0
,,,,,37,52,2,0
,,,,,47,114,1,0
,,,,,29,81,3,0
,,,,,63,32,2,0
,,,,,43,63,3,0
,,,,,57,70,3,0
,,,,,55,20,1,0
,,,,,47,138,1,0
,,,,,58,63,2,0
,,,,,53,85,3,0
,,,,,46,80,3,0
,,,,,41,53,3,0
,,,,,46,72,2,0
,,,,,44,91,3,0
,,,,,50,148,1,0
,,,,,55,28,3,0
,,,,,37,193,1,0
,,,,,34,22,3,0
,,,,,59,74,1,0
,,,,,45,70,3,0
,,,,,30,11,2,0
,,,,,32,61,2,0
,,,,,61,41,1,0
,,,,,35,23,3,0
,,,,,66,30,3,0
,,,,,31,44,1,0
,,,,,58,49,2,0
,,,,,67,75,2,0
,,,,,35,43,1,0
,,,,,40,59,3,0
,,,,,44,75,3,0
,,,,,47,75,2,0
,,,,,59,88,1,0
,,,,,36,11,3,0
,,,,,47,22,3,0
,,,,,55,49,3,0
,,,,,41,140,1,0
,,,,,51,99,2,0
,,,,,26,82,1,0
,,,,,33,10,1,0
,,,,,30,109,2,0
,,,,,30,45,3,0
,,,,,45,93,2,0
,,,,,42,39,2,0
,,,,,50,21,1,0
,,,,,62,31,1,0
,,,,,63,31,3,0
,,,,,43,52,2,0
,,,,,49,13,3,0
,,,,,51,21,3,0
,,,,,61,50,1,0
,,,,,43,81,3,0
,,,,,43,74,1,0
,,,,,61,89,1,0
,,,,,35,82,2,0
,,,,,59,88,2,0
,,,,,40,61,3,0
,,,,,61,139,1,0
,,,,,48,29,2,0
,,,,,37,51,1,0
,,,,,56,58,3,0
,,,,,35,21,3,0
,,,,,35,43,2,0
,,,,,40,104,2,0
,,,,,50,9,2,0
,,,,,49,39,2,0
,,,,,46,89,1,0
,,,,,64,21,3,0
,,,,,45,29,3,0
,,,,,52,43,2,0
,,,,,58,30,2,0
,,,,,54,39,3,0
,,,,,48,83,3,0
,,,,,51,58,2,0
,,,,,53,8,2,0
,,,,,57,39,3,0
,,,,,43,204,1,0
,,,,,37,45,1,0
,,,,,32,111,1,0
,,,,,34,83,2,0
,,,,,54,83,3,0
,,,,,62,115,1,0
,,,,,56,60,3,0
,,,,,39,53,1,0
,,,,,32,134,1,0
,,,,,50,91,3,0
,,,,,27,91,1,0
,,,,,37,128,1,0
,,,,,60,78,1,0
,,,,,43,161,1,0
,,,,,62,60,3,0
,,,,,39,161,1,0
,,,,,34,40,2,0
,,,,,46,68,2,0
,,,,,46,74,1,0
,,,,,51,55,2,0
,,,,,44,145,1,0
,,,,,60,24,2,0
,,,,,65,10,2,0
,,,,,58,138,1,0
,,,,,37,63,3,0
,,,,,52,54,3,0
,,,,,42,62,3,0
,,,,,54,81,3,0
,,,,,54,61,2,0
,,,,,51,68,3,0
,,,,,59,78,1,0
,,,,,41,165,1,0
,,,,,43,48,2,0
,,,,,57,52,1,0
,,,,,53,18,1,0
,,,,,58,42,1,0
,,,,,59,18,3,0
,,,,,57,40,1,0
,,,,,27,44,2,0
,,,,,42,11,1,0
,,,,,49,108,2,0
,,,,,47,12,2,0
,,,,,45,19,1,0
,,,,,25,150,1,0
,,,,,47,89,3,0
,,,,,44,83,3,0
,,,,,30,79,2,0
,,,,,63,102,2,0
,,,,,50,155,1,0
,,,,,40,138,1,0
,,,,,56,51,1,0
,,,,,39,80,2,0
,,,,,42,135,1,0
,,,,,28,34,2,0
,,,,,58,62,3,0
,,,,,38,173,1,0
,,,,,23,149,1,0
,,,,,53,20,1,0
,,,,,54,42,1,0
,,,,,42,28,3,0
,,,,,54,95,2,0
,,,,,66,95,3,0
,,,,,46,34,1,0
,,,,,63,41,1,0
,,,,,58,150,1,0
,,,,,65,91,3,0
,,,,,35,84,2,0
,,,,,33,73,1,0
,,,,,43,122,1,0
,,,,,30,73,2,0
,,,,,61,20,3,0
,,,,,45,134,1,0
,,,,,64,98,2,0
,,,,,26,54,3,0
,,,,,35,41,1,0
,,,,,32,14,3,0
,,,,,41,93,3,0
,,,,,52,79,2,0
,,,,,35,79,2,0
,,,,,51,62,3,0
,,,,,30,95,1,0
,,,,,58,60,3,0
,,,,,49,75,2,0
,,,,,63,85,2,0
,,,,,40,143,1,0
,,,,,27,34,2,0
,,,,,38,44,1,0
,,,,,52,31,2,0
,,,,,49,13,1,0
,,,,,59,52,1,0
,,,,,32,42,3,0
,,,,,30,102,3,0
,,,,,59,10,3,0
,,,,,62,44,3,0
,,,,,61,158,1,0
,,,,,53,12,2,0
,,,,,51,59,1,0
,,,,,55,92,2,0
,,,,,36,82,1,0
,,,,,44,44,2,0
,,,,,54,121,1,0
,,,,,35,38,1,0
,,,,,34,92,1,0
,,,,,28,53,3,0
,,,,,32,45,1,0
,,,,,38,63,2,0
,,,,,53,181,1,0
,,,,,45,33,1,0
,,,,,58,22,1,0
,,,,,59,99,1,0
,,,,,45,44,2,0
,,,,,64,101,2,0
,,,,,30,32,2,0
,,,,,40,59,1,0
,,,,,61,25,2,0
,,,,,40,29,3,0
,,,,,43,35,1,0
,,,,,35,75,3,0
,,,,,38,58,1,0
,,,,,67,41,1,0
,,,,,55,42,2,0
,,,,,28,55,2,0
,,,,,30,18,2,0
,,,,,59,75,3,0
,,,,,26,85,1,0
,,,,,52,43,2,0
,,,,,40,149,1,0
,,,,,31,25,2,0
,,,,,50,19,2,0
,,,,,27,18,3,0
,,,,,64,13,2,0
,,,,,34,41,2,0
,,,,,30,139,1,0
,,,,,39,62,1,0
,,,,,34,51,1,0
,,,,,40,71,1,0
,,,,,38,45,2,0
,,,,,42,53,3,0
,,,,,37,64,3,0
,,,,,33,39,1,0
,,,,,60,38,3,0
,,,,,28,85,1,0
,,,,,45,61,2,0
,,,,,56,23,3,0
,,,,,53,122,1,0
,,,,,37,72,3,0
,,,,,47,123,1,0
,,,,,58,40,1,0
,,,,,52,62,2,0
,,,,,46,113,1,0
,,,,,52,81,2,0
,,,,,24,59,1,0
,,,,,57,25,2,0
,,,,,66,25,2,0
,,,,,30,14,3,0
,,,,,48,19,1,0
,,,,,63,61,3,0
,,,,,48,21,1,0
,,,,,34,44,1,0
,,,,,60,42,1,0
,,,,,55,52,3,0
,,,,,50,112,1,0
,,,,,29,34,3,0
,,,,,61,83,3,0
,,,,,50,24,2,0
,,,,,37,71,2,0
,,,,,43,75,3,0
,,,,,39,153,1,0
,,,,,23,75,2,0
,,,,,34,19,2,0
,,,,,29,31,2,0
,,,,,60,65,1,0
,,,,,49,8,1,0
,,,,,54,92,1,0
,,,,,42,85,3,0
,,,,,62,149,1,0
,,,,,63,9,2,0
,,,,,61,40,2,0
,,,,,35,54,3,0
,,,,,33,140,1,0
,,,,,31,18,3,0
,,,,,51,12,1,0
,,,,,55,140,1,0
,,,,,38,24,3,0
,,,,,38,60,1,0
,,,,,53,50,3,0
,,,,,62,44,2,0
,,,,,35,51,2,0
,,,,,46,34,1,0
,,,,,60,33,2,0
,,,,,63,63,1,0
,,,,,43,22,3,0
,,,,,43,75,3,0
,,,,,62,75,3,0
,,,,,48,62,3,0
,,,,,38,48,1,0
,,,,,36,73,1,0
,,,,,49,135,1,0
,,,,,61,61,3,0
,,,,,49,78,2,0
,,,,,59,40,3,0
,,,,,30,44,3,0
,,,,,44,45,1,0
,,,,,67,18,1,0
,,,,,59,53,3,0
,,,,,37,11,2,0
,,,,,50,38,2,0
,,,,,56,28,2,0
,,,,,29,35,1,0
,,,,,55,81,2,0
,,,,,48,90,3,0
,,,,,32,115,1,0
,,,,,47,78,2,0
,,,,,46,30,3,0
,,,,,33,39,1,0
,,,,,39,69,1,0
,,,,,60,29,1,0
,,,,,39,54,2,0
,,,,,34,60,1,0
,,,,,55,99,3,0
,,,,,67,51,1,0
,,,,,40,53,3,0
,,,,,56,79,1,0
,,,,,50,90,2,0
,,,,,31,18,1,0
,,,,,66,73,1,0
,,,,,43,59,3,0
,,,,,58,40,1,0
,,,,,33,41,2,0
,,,,,33,53,3,0
,,,,,32,128,1,0
,,,,,25,35,3,0
,,,,,40,28,3,0
,,,,,54,155,1,0
,,,,,36,195,1,0
,,,,,35,50,2,0
,,,,,44,48,3,0
,,,,,38,81,2,0
,,,,,30,50,1,0
,,,,,39,21,2,0
,,,,,35,142,1,0
,,,,,41,64,1,0
,,,,,56,91,3,0
,,,,,52,74,2,0
,,,,,38,82,1,0
,,,,,51,45,1,0
,,,,,45,85,1,0
,,,,,51,133,1,0
,,,,,53,22,2,0
,,,,,50,24,2,0
,,,,,59,38,3,0
,,,,,57,80,3,0
,,,,,45,33,1,0
,,,,,27,41,3,0
,,,,,40,90,2,0
,,,,,39,89,3,0
,,,,,26,8,3,0
,,,,,27,85,1,0
,,,,,55,53,1,0
,,,,,64,20,3,0
,,,,,41,9,1,0
,,,,,46,25,1,0
,,,,,43,114,1,0
,,,,,24,41,3,0
,,,,,29,49,3,0
,,,,,58,12,3,0
,,,,,45,50,2,0
,,,,,53,30,2,0
,,,,,45,32,1,0
,,,,,32,41,2,0
,,,,,56,25,2,0
,,,,,31,29,1,0
,,,,,29,50,2,0
,,,,,48,79,1,0
,,,,,36,110,1,0
,,,,,36,40,2,0
,,,,,41,18,3,0
,,,,,48,48,1,0
,,,,,27,40,3,0
,,,,,33,19,2,0
,,,,,31,35,1,0
,,,,,59,19,2,0
,,,,,41,83,1,0
,,,,,42,39,3,0
,,,,,62,38,2,0
,,,,,62,63,3,0
,,,,,51,85,2,0
,,,,,48,14,1,0
,,,,,56,64,1,0
,,,,,62,124,1,0
,,,,,53,20,1,0
,,,,,62,33,3,0
,,,,,28,80,1,0
,,,,,61,35,3,0
,,,,,48,74,1,0
,,,,,50,32,2,0
,,,,,58,73,1,0
,,,,,53,41,1,0
,,,,,65,18,2,0
,,,,,27,28,2,0
,,,,,50,64,2,0
,,,,,50,44,2,0
,,,,,41,109,1,0
,,,,,43,71,3,0
,,,,,55,79,1,0
,,,,,33,30,2,0
,,,,,44,82,1,0
,,,,,47,101,2,0
,,,,,43,13,2,0
,,,,,59,59,3,0
,,,,,65,64,1,0
,,,,,28,188,1,0
,,,,,58,28,1,0
,,,,,24,131,1,0
,,,,,46,19,2,0
,,,,,26,44,3,0
,,,,,47,49,2,0
,,,,,32,99,3,0
,,,,,58,95,3,0
,,,,,32,81,3,0
,,,,,46,73,3,0
,,,,,35,193,1,0
,,,,,55,41,3,0
,,,,,63,80,3,0
,,,,,45,90,2,0
,,,,,58,41,1,0
,,,,,50,102,1,0
,,,,,37,59,3,0
,,,,,25,69,3,0
,,,,,26,49,2,0
,,,,,58,61,3,0
,,,,,37,59,3,0
,,,,,35,85,3,0
,,,,,31,13,3,0
,,,,,43,44,2,0
,,,,,43,53,3,0
,,,,,53,31,3,0
,,,,,32,101,2,0
,,,,,37,61,1,0
,,,,,34,68,2,0
,,,,,51,21,1,0
,,,,,49,149,1,0
,,,,,54,75,3,0
,,,,,37,55,3,0
,,,,,57,81,1,0
,,,,,37,179,1,0
,,,,,48,42,2,0
,,,,,44,199,1,0
,,,,,50,18,2,0
,,,,,44,28,3,0
,,,,,54,80,3,0
,,,,,37,79,2,0
,,,,,34,52,2,0
,,,,,32,18,2,0
,,,,,63,52,1,0
,,,,,56,15,3,0
,,,,,37,84,3,0
,,,,,66,114,3,0
,,,,,38,41,3,0
,,,,,35,29,1,0
,,,,,61,23,1,0
,,,,,52,84,1,0
,,,,,57,60,1,0
,,,,,47,13,2,0
,,,,,50,45,3,0
,,,,,36,83,1,0
,,,,,58,58,3,0
,,,,,48,148,1,0
,,,,,46,92,2,0
,,,,,54,62,1,0
,,,,,31,50,1,0
,,,,,42,29,3,0
,,,,,30,85,1,0
,,,,,41,78,1,0
,,,,,44,85,3,0
,,,,,37,89,2,0
,,,,,51,33,3,0
,,,,,30,42,3,0
,,,,,36,31,1,0
,,,,,33,35,1,0
,,,,,58,22,2,0
,,,,,34,45,1,0
,,,,,38,119,1,0
,,,,,59,43,1,0
,,,,,37,75,2,0
,,,,,59,121,1,0
,,,,,47,63,3,0
,,,,,48,58,1,0
,,,,,34,155,1,0
,,,,,44,69,2,0
,,,,,47,38,2,0
,,,,,41,9,2,0
,,,,,36,69,3,0
,,,,,28,199,1,0
,,,,,59,38,1,0
,,,,,43,129,1,0
,,,,,56,59,2,0
,,,,,28,115,1,0
,,,,,62,83,2,0
,,,,,40,65,1,0
,,,,,34,72,1,0
,,,,,52,72,3,0
,,,,,40,63,3,0
,,,,,27,64,2,0
,,,,,52,194,1,0
,,,,,39,104,3,0
,,,,,52,180,1,0
,,,,,50,18,2,0
,,,,,40,93,3,0
,,,,,35,32,1,0
,,,,,39,68,1,0
,,,,,25,38,3,0
,,,,,33,115,2,0
,,,,,26,161,1,0
,,,,,46,154,1,0
,,,,,27,68,1,0
,,,,,55,44,3,0
,,,,,52,149,1,0
,,,,,59,103,1,0
,,,,,63,41,2,0
,,,,,61,113,1,0
,,,,,58,48,2,0
,,,,,29,69,2,0
,,,,,51,43,2,0
,,,,,59,19,3,0
,,,,,41,65,3,0
,,,,,59,32,2,0
,,,,,52,20,1,0
,,,,,39,25,3,0
,,,,,45,70,1,0
,,,,,59,70,3,0
,,,,,49,103,2,0
,,,,,61,61,1,0
,,,,,31,170,1,0
,,,,,42,49,1,0
,,,,,57,62,3,0
,,,,,54,102,2,0
,,,,,60,8,1,0
,,,,,59,91,1,0
,,,,,62,10,1,0
,,,,,26,35,2,0
,,,,,41,71,3,0
,,,,,65,59,1,0
,,,,,25,14,3,0
,,,,,25,122,1,0
,,,,,27,81,1,0
,,,,,65,35,3,0
,,,,,60,83,1,0
,,,,,29,121,1,0
,,,,,32,35,1,0
,,,,,41,88,3,0
,,,,,52,70,1,0
,,,,,40,63,3,0
,,,,,39,125,1,0
,,,,,34,21,1,0
,,,,,34,75,1,0
,,,,,34,38,1,0
,,,,,41,58,1,0
,,,,,59,31,2,0
,,,,,40,18,3,0
,,,,,52,29,2,0
,,,,,37,29,3,0
,,,,,39,69,1,0
,,,,,49,121,1,0
,,,,,63,64,3,0
,,,,,34,84,2,0
,,,,,51,65,2,0
,,,,,61,85,2,0
,,,,,56,44,1,0
,,,,,62,174,1,0
,,,,,56,178,1,0
,,,,,58,55,1,0
,,,,,58,25,2,0
,,,,,50,21,1,0
,,,,,44,72,3,0
,,,,,49,129,1,0
,,,,,31,18,3,0
,,,,,49,91,2,0
,,,,,43,38,3,0
,,,,,31,21,1,0
,,,,,66,38,3,0
,,,,,41,154,1,0
,,,,,39,178,1,0
,,,,,46,85,2,0
,,,,,57,93,1,0
,,,,,59,151,1,0
,,,,,30,78,2,0
,,,,,26,135,1,0
,,,,,46,40,1,0
,,,,,66,80,2,0
,,,,,50,18,1,0
,,,,,61,74,2,0
,,,,,37,94,3,0
,,,,,56,88,2,0
,,,,,58,82,1,0
,,,,,41,54,1,0
,,,,,35,45,1,0
,,,,,38,39,2,0
,,,,,26,20,1,0
,,,,,35,93,3,0
,,,,,36,85,3,0
,,,,,26,95,1,0
,,,,,53,48,2,0
,,,,,56,22,3,0
,,,,,44,33,3,0
,,,,,47,40,3,0
,,,,,32,30,2,0
,,,,,52,22,1,0
,,,,,39,20,3,0
,,,,,47,49,2,0
,,,,,35,25,2,0
,,,,,26,150,1,0
,,,,,43,32,1,0
,,,,,52,9,1,0
,,,,,30,23,3,0
,,,,,36,18,1,0
,,,,,48,42,2,0
,,,,,36,39,1,0
,,,,,58,84,2,0
,,,,,59,43,1,0
,,,,,36,28,1,0
,,,,,45,59,1,0
,,,,,56,29,3,0
,,,,,46,39,1,0
,,,,,26,42,3,0
,,,,,37,24,1,0
,,,,,44,62,3,0
,,,,,44,33,1,0
,,,,,33,73,1,0
,,,,,34,88,1,0
,,,,,35,58,1,0
,,,,,48,48,3,0
,,,,,58,40,2,0
,,,,,30,160,1,0
,,,,,62,39,1,0
,,,,,40,53,1,0
,,,,,42,32,2,0
,,,,,43,32,2,0
,,,,,58,11,1,0
,,,,,49,60,2,0
,,,,,60,41,3,0
,,,,,58,99,1,0
,,,,,50,83,2,0
,,,,,46,134,1,0
,,,,,45,85,2,0
,,,,,32,41,1,0
,,,,,42,44,3,0
,,,,,30,62,1,0
,,,,,60,149,1,0
,,,,,32,25,1,0
,,,,,56,84,1,0
,,,,,56,81,3,0
,,,,,30,181,1,0
,,,,,52,62,3,0
,,,,,31,11,3,0
,,,,,37,60,3,0
,,,,,30,42,3,0
,,,,,29,83,2,0
,,,,,49,109,1,0
,,,,,49,70,1,0
,,,,,65,25,1,0
,,,,,54,72,3,0
,,,,,36,183,1,0
,,,,,56,44,1,0
,,,,,34,52,1,0
,,,,,33,18,2,0
,,,,,59,40,1,0
,,,,,61,41,2,0
,,,,,31,81,1,0
,,,,,45,128,1,0
,,,,,37,65,2,0
,,,,,58,145,1,0
,,,,,49,65,3,0
,,,,,63,119,1,0
,,,,,55,124,1,0
,,,,,38,33,3,0
,,,,,45,41,1,0
,,,,,44,105,1,0
,,,,,58,130,1,0
,,,,,56,80,3,0
,,,,,37,115,2,0
,,,,,50,62,3,0
,,,,,51,34,2,0
,,,,,49,18,3,0
,,,,,33,44,1,0
,,,,,61,25,2,0
,,,,,41,52,3,0
,,,,,41,71,1,0
,,,,,38,61,3,0
,,,,,51,62,3,0
,,,,,63,33,3,0
,,,,,55,28,2,0
,,,,,46,53,1,0
,,,,,27,69,2,0
,,,,,59,165,1,0
,,,,,26,75,3,0
,,,,,61,54,1,0
,,,,,53,53,3,0
,,,,,34,41,1,0
,,,,,40,43,1,0
,,,,,56,79,1,0
,,,,,57,24,3,0
,,,,,43,73,1,0
,,,,,60,50,3,0
,,,,,54,28,1,0
,,,,,51,64,3,0
,,,,,41,49,3,0
,,,,,25,121,1,0
,,,,,58,58,3,0
,,,,,61,51,3,0
,,,,,56,61,1,0
,,,,,43,35,3,0
,,,,,42,39,3,0
,,,,,48,74,3,0
,,,,,45,201,1,0
,,,,,40,81,1,0
,,,,,43,44,1,0
,,,,,52,19,3,0
,,,,,54,85,3,0
,,,,,26,74,1,0
,,,,,26,54,2,0
,,,,,33,58,1,0
,,,,,40,18,2,0
,,,,,64,88,1,0
,,,,,62,19,1,0
,,,,,54,49,3,0
,,,,,34,101,2,0
,,,,,40,138,1,0
,,,,,41,25,2,0
,,,,,48,120,1,0
,,,,,46,153,1,0
,,,,,51,28,2,0
,,,,,30,110,3,0
,,,,,65,94,1,0
,,,,,49,48,2,0
,,,,,29,123,1,0
,,,,,36,33,2,0
,,,,,50,42,2,0
,,,,,41,68,1,0
,,,,,42,28,3,0
,,,,,37,42,3,0
,,,,,31,28,1,0
,,,,,40,73,1,0
,,,,,36,89,1,0
,,,,,64,82,2,0
,,,,,37,83,2,0
,,,,,57,28,3,0
,,,,,62,39,1,0
,,,,,63,110,2,0
,,,,,57,55,3,0
,,,,,59,111,1,0
,,,,,47,94,1,0
,,,,,26,85,3,0
,,,,,59,81,1,0
,,,,,45,94,3,0
,,,,,33,162,1,0
,,,,,61,80,3,0
,,,,,54,70,2,0
,,,,,46,19,1,0
,,,,,52,109,1,0
,,,,,26,12,2,0
,,,,,49,33,2,0
,,,,,42,49,1,0
,,,,,51,42,2,0
,,,,,39,41,1,0
,,,,,44,43,1,0
,,,,,29,64,1,0
,,,,,47,19,1,0
,,,,,53,65,3,0
,,,,,29,53,3,0
,,,,,47,32,1,0
,,,,,45,22,1,0
,,,,,63,39,3,0
,,,,,39,59,3,0
,,,,,29,50,3,0
,,,,,50,19,3,0
,,,,,51,55,2,0
,,,,,58,81,3,0
,,,,,39,108,3,0
,,,,,32,98,3,0
,,,,,53,110,1,0
,,,,,29,33,2,0
,,,,,41,34,1,0
,,,,,41,69,2,0
,,,,,58,41,1,0
,,,,,45,60,3,0
,,,,,37,95,2,0
,,,,,58,73,3,0
,,,,,58,41,3,0
,,,,,31,68,3,0
,,,,,59,64,2,0
,,,,,38,29,2,0
,,,,,29,31,2,0
,,,,,40,54,3,0
,,,,,57,63,3,0
,,,,,50,92,2,0
,,,,,34,195,1,0
,,,,,36,45,1,0
,,,,,51,72,1,0
,,,,,27,98,3,0
,,,,,48,30,2,0
,,,,,32,78,3,0
,,,,,48,43,2,0
,,,,,34,85,1,0
,,,,,24,38,3,0
,,,,,55,58,3,0
,,,,,51,92,2,0
,,,,,30,13,3,0
,,,,,45,218,1,0
,,,,,64,75,3,0
,,,,,29,40,3,0
,,,,,30,15,1,0
,,,,,63,24,3,0
,,,,,65,49,2,0
,,,,,28,83,1,0